# saved_at_kr,2026-05-04 16:40:29 KST
# provider,yahoo(yfinance)
group,ticker,premarket,src,ts_kst,error
kr_foreign_naver_auto,042700.KS,378000.0,yf_close(5m),2026-05-04T15:30:00+09:00,
kr_foreign_naver_auto,310970.KS,46230.0,yf_close(5m),2026-05-04T15:30:00+09:00,
kr_foreign_naver_auto,009830.KS,49800.0,yf_close(5m),2026-05-04T15:15:00+09:00,
kr_foreign_naver_auto,064350.KS,268500.0,yf_close(5m),2026-05-04T15:20:00+09:00,
kr_foreign_naver_auto,489790.KS,88600.0,yf_close(5m),2026-05-04T15:15:00+09:00,
kr_foreign_naver_auto,001440.KS,60700.0,yf_close(5m),2026-05-04T15:20:00+09:00,
kr_foreign_naver_auto,042660.KS,132900.0,yf_close(5m),2026-05-04T15:15:00+09:00,
kr_foreign_naver_auto,066570.KS,143200.0,yf_close(5m),2026-05-04T15:30:00+09:00,
kr_foreign_naver_auto,007660.KS,148800.0,yf_close(5m),2026-05-04T15:15:00+09:00,
kr_foreign_naver_auto,096770.KS,145600.0,yf_close(5m),2026-05-04T15:15:00+09:00,
kr_foreign_naver_auto,000880.KS,139900.0,yf_close(5m),2026-05-04T15:30:00+09:00,
kr_foreign_naver_auto,011070.KS,592000.0,yf_close(5m),2026-05-04T15:15:00+09:00,
kr_foreign_naver_auto,322000.KS,221000.0,yf_close(5m),2026-05-04T15:15:00+09:00,
kr_foreign_naver_auto,008770.KS,64700.0,yf_close(5m),2026-05-04T15:15:00+09:00,
kr_foreign_naver_auto,105560.KS,157900.0,yf_close(5m),2026-05-04T15:15:00+09:00,
kr_foreign_naver_auto,009150.KS,918000.0,yf_close(5m),2026-05-04T15:15:00+09:00,
kr_foreign_naver_auto,252670.KS,153.0,yf_close(5m),2026-05-04T15:15:00+09:00,
kr_foreign_naver_auto,028050.KS,55000.0,yf_close(5m),2026-05-04T15:15:00+09:00,
kr_foreign_naver_auto,267270.KS,191100.0,yf_close(5m),2026-05-04T15:30:00+09:00,
kr_foreign_naver_auto,360750.KS,26340.0,yf_close(5m),2026-05-04T15:15:00+09:00,
kr_foreign_naver_auto,005930.KS,232500.0,yf_close(5m),2026-05-04T15:20:00+09:00,
kr_foreign_naver_auto,006400.KS,704000.0,yf_close(5m),2026-05-04T15:15:00+09:00,
kr_foreign_naver_auto,079550.KS,983000.0,yf_close(5m),2026-05-04T15:30:00+09:00,
kr_foreign_naver_auto,010950.KS,128050.0,yf_close(5m),2026-05-04T15:15:00+09:00,
kr_foreign_naver_auto,034020.KS,127200.0,yf_close(5m),2026-05-04T15:15:00+09:00,
kr_foreign_naver_auto,086790.KS,126100.0,yf_close(5m),2026-05-04T15:20:00+09:00,
kr_foreign_naver_auto,082740.KS,89400.0,yf_close(5m),2026-05-04T15:15:00+09:00,
kr_foreign_naver_auto,036570.KS,267000.0,yf_close(5m),2026-05-04T15:15:00+09:00,
kr_foreign_naver_auto,034730.KS,475500.0,yf_close(5m),2026-05-04T15:30:00+09:00,
kr_foreign_naver_auto,051910.KS,429000.0,yf_close(5m),2026-05-04T15:15:00+09:00,
kr_strong_stocks_auto,033100.KQ,91500.0,yf_close(5m),2026-05-04T15:15:00+09:00,
kr_strong_stocks_auto,062040.KS,334000.0,yf_close(5m),2026-05-04T15:15:00+09:00,
kr_strong_stocks_auto,199820.KQ,20700.0,yf_close(5m),2026-05-04T15:30:00+09:00,
kr_strong_stocks_auto,000500.KS,288500.0,yf_close(5m),2026-05-04T15:30:00+09:00,
kr_strong_stocks_auto,103590.KS,144300.0,yf_close(5m),2026-05-04T15:15:00+09:00,
kr_strong_stocks_auto,060370.KQ,49550.0,yf_close(5m),2026-05-04T15:15:00+09:00,
kr_strong_stocks_auto,425040.KQ,19790.0,yf_close(5m),2026-05-04T15:15:00+09:00,
kr_strong_stocks_auto,016360.KS,137900.0,yf_close(5m),2026-05-04T15:15:00+09:00,
kr_strong_stocks_auto,488080.KS,65495.0,yf_close(5m),2026-05-04T15:15:00+09:00,
kr_strong_stocks_auto,494310.KS,111200.0,yf_close(5m),2026-05-04T15:15:00+09:00,
kr_strong_stocks_auto,000660.KS,1449000.0,yf_close(5m),2026-05-04T15:15:00+09:00,
kr_strong_stocks_auto,009150.KS,918000.0,yf_close(5m),2026-05-04T15:15:00+09:00,
kr_strong_stocks_auto,267770.KS,97935.0,yf_close(5m),2026-05-04T15:15:00+09:00,
kr_strong_stocks_auto,001440.KS,60700.0,yf_close(5m),2026-05-04T15:20:00+09:00,
kr_strong_stocks_auto,034730.KS,475500.0,yf_close(5m),2026-05-04T15:30:00+09:00,
kr_strong_stocks_auto,122630.KS,127765.0,yf_close(5m),2026-05-04T15:20:00+09:00,
kr_strong_stocks_auto,009155.KS,375500.0,yf_close(5m),2026-05-04T15:15:00+09:00,
kr_strong_stocks_auto,298040.KS,4228000.0,yf_close(5m),2026-05-04T15:30:00+09:00,
kr_strong_stocks_auto,0167A0.KS,15615.0,yf_close(5m),2026-05-04T15:30:00+09:00,
kr_strong_stocks_auto,005490.KS,502000.0,yf_close(5m),2026-05-04T15:15:00+09:00,
kr_sector_rotation_auto,488080.KS,65495.0,yf_close(5m),2026-05-04T15:15:00+09:00,
kr_sector_rotation_auto,494310.KS,111200.0,yf_close(5m),2026-05-04T15:15:00+09:00,
kr_sector_rotation_auto,267770.KS,97935.0,yf_close(5m),2026-05-04T15:15:00+09:00,
kr_sector_rotation_auto,122630.KS,127765.0,yf_close(5m),2026-05-04T15:20:00+09:00,
kr_sector_rotation_auto,005930.KS,232500.0,yf_close(5m),2026-05-04T15:20:00+09:00,
kr_sector_rotation_auto,000660.KS,1449000.0,yf_close(5m),2026-05-04T15:15:00+09:00,
kr_sector_rotation_auto,009150.KS,918000.0,yf_close(5m),2026-05-04T15:15:00+09:00,
kr_sector_rotation_auto,000990.KS,160200.0,yf_close(5m),2026-05-04T15:15:00+09:00,
kr_sector_rotation_auto,278470.KS,428500.0,yf_close(5m),2026-05-04T15:30:00+09:00,
kr_sector_rotation_auto,271560.KS,142500.0,yf_close(5m),2026-05-04T15:15:00+09:00,
kr_sector_rotation_auto,090430.KS,134200.0,yf_close(5m),2026-05-04T15:15:00+09:00,
kr_sector_rotation_auto,003230.KS,1316000.0,yf_close(5m),2026-05-04T15:15:00+09:00,
kr_sector_rotation_auto,051910.KS,429000.0,yf_close(5m),2026-05-04T15:15:00+09:00,
kr_sector_rotation_auto,329180.KS,680000.0,yf_close(5m),2026-05-04T15:15:00+09:00,
kr_tactical_leverage,122630.KS,127765.0,yf_close(5m),2026-05-04T15:20:00+09:00,
kr_tactical_leverage,233740.KS,17085.0,yf_close(5m),2026-05-04T15:30:00+09:00,
kr_tactical_leverage,252670.KS,153.0,yf_close(5m),2026-05-04T15:15:00+09:00,
kr_tactical_leverage,251340.KS,1964.0,yf_close(5m),2026-05-04T15:15:00+09:00,
macro_watch_yahoo_korea,069500.KS,105295.0,yf_close(5m),2026-05-04T15:15:00+09:00,
macro_watch_yahoo_korea,102110.KS,105265.0,yf_close(5m),2026-05-04T15:15:00+09:00,
macro_watch_yahoo_korea,122630.KS,127765.0,yf_close(5m),2026-05-04T15:20:00+09:00,
macro_watch_yahoo_korea,252670.KS,153.0,yf_close(5m),2026-05-04T15:15:00+09:00,
macro_watch_yahoo_korea,233740.KS,17085.0,yf_close(5m),2026-05-04T15:30:00+09:00,
macro_watch_yahoo_korea,251340.KS,1964.0,yf_close(5m),2026-05-04T15:15:00+09:00,
macro_watch_yahoo_korea,494310.KS,111200.0,yf_close(5m),2026-05-04T15:15:00+09:00,
macro_watch_yahoo_korea,488080.KS,65495.0,yf_close(5m),2026-05-04T15:15:00+09:00,
macro_watch_yahoo_korea,395270.KS,49145.0,yf_close(5m),2026-05-04T15:15:00+09:00,
macro_watch_yahoo_korea,469150.KS,61925.0,yf_close(5m),2026-05-04T15:15:00+09:00,
macro_watch_yahoo_korea,266370.KS,63345.0,yf_close(5m),2026-05-04T15:30:00+09:00,
macro_watch_yahoo_korea,091160.KS,130460.0,yf_close(5m),2026-05-04T15:15:00+09:00,
macro_watch_yahoo_korea,396500.KS,42170.0,yf_close(5m),2026-05-04T15:15:00+09:00,
macro_watch_yahoo_korea,091230.KS,136155.0,yf_close(5m),2026-05-04T15:30:00+09:00,
macro_watch_yahoo_korea,005930.KS,232500.0,yf_close(5m),2026-05-04T15:20:00+09:00,
macro_watch_yahoo_korea,000660.KS,1449000.0,yf_close(5m),2026-05-04T15:15:00+09:00,
macro_watch_yahoo_korea,012450.KS,1464000.0,yf_close(5m),2026-05-04T15:15:00+09:00,
macro_watch_yahoo_korea,042660.KS,132900.0,yf_close(5m),2026-05-04T15:15:00+09:00,
macro_watch_yahoo_korea,034020.KS,127200.0,yf_close(5m),2026-05-04T15:15:00+09:00,
macro_watch_yahoo_korea,329180.KS,680000.0,yf_close(5m),2026-05-04T15:15:00+09:00,
macro_watch_yahoo_korea,035420.KS,208500.0,yf_close(5m),2026-05-04T15:15:00+09:00,
macro_watch_yahoo_korea,015760.KS,44500.0,yf_close(5m),2026-05-04T15:30:00+09:00,
tickers_core_korea,005930.KS,232500.0,yf_close(5m),2026-05-04T15:20:00+09:00,
tickers_core_korea,000660.KS,1449000.0,yf_close(5m),2026-05-04T15:15:00+09:00,
tickers_core_korea,009150.KS,918000.0,yf_close(5m),2026-05-04T15:15:00+09:00,
tickers_core_korea,005935.KS,169700.0,yf_close(5m),2026-05-04T15:15:00+09:00,
tickers_core_korea,011070.KS,592000.0,yf_close(5m),2026-05-04T15:15:00+09:00,
tickers_core_korea,042700.KS,378000.0,yf_close(5m),2026-05-04T15:30:00+09:00,
tickers_core_korea,000990.KS,160200.0,yf_close(5m),2026-05-04T15:15:00+09:00,
tickers_core_korea,039030.KQ,470500.0,yf_close(5m),2026-05-04T15:15:00+09:00,
tickers_core_korea,058470.KQ,120300.0,yf_close(5m),2026-05-04T15:15:00+09:00,
tickers_core_korea,089030.KQ,61300.0,yf_close(5m),2026-05-04T15:15:00+09:00,
tickers_core_korea,222800.KQ,88200.0,yf_close(5m),2026-05-04T15:30:00+09:00,
tickers_core_korea,240810.KQ,122500.0,yf_close(5m),2026-05-04T15:30:00+09:00,
tickers_core_korea,403870.KQ,54300.0,yf_close(5m),2026-05-04T15:15:00+09:00,
tickers_core_korea,066570.KS,143200.0,yf_close(5m),2026-05-04T15:30:00+09:00,
tickers_core_korea,277810.KQ,685000.0,yf_close(5m),2026-05-04T15:15:00+09:00,
tickers_core_korea,455900.KQ,30100.0,yf_close(5m),2026-05-04T15:15:00+09:00,
tickers_core_korea,058610.KQ,129200.0,yf_close(5m),2026-05-04T15:15:00+09:00,
tickers_core_korea,117730.KQ,22650.0,yf_close(5m),2026-05-04T15:15:00+09:00,
tickers_core_korea,012450.KS,1464000.0,yf_close(5m),2026-05-04T15:15:00+09:00,
tickers_core_korea,042660.KS,132900.0,yf_close(5m),2026-05-04T15:15:00+09:00,
tickers_core_korea,329180.KS,680000.0,yf_close(5m),2026-05-04T15:15:00+09:00,
tickers_core_korea,010140.KS,32250.0,yf_close(5m),2026-05-04T15:30:00+09:00,
tickers_core_korea,034020.KS,127200.0,yf_close(5m),2026-05-04T15:15:00+09:00,
tickers_core_korea,267260.KS,1299000.0,yf_close(5m),2026-05-04T15:30:00+09:00,
tickers_core_korea,064350.KS,268500.0,yf_close(5m),2026-05-04T15:20:00+09:00,
tickers_core_korea,079550.KS,983000.0,yf_close(5m),2026-05-04T15:30:00+09:00,
tickers_core_korea,047810.KS,179800.0,yf_close(5m),2026-05-04T15:15:00+09:00,
tickers_core_korea,015760.KS,44500.0,yf_close(5m),2026-05-04T15:30:00+09:00,
tickers_core_korea,278470.KS,428500.0,yf_close(5m),2026-05-04T15:30:00+09:00,
tickers_core_korea,090430.KS,134200.0,yf_close(5m),2026-05-04T15:15:00+09:00,
tickers_core_korea,192820.KS,209000.0,yf_close(5m),2026-05-04T15:15:00+09:00,
tickers_core_korea,161890.KS,88600.0,yf_close(5m),2026-05-04T15:20:00+09:00,
tickers_core_korea,051900.KS,279500.0,yf_close(5m),2026-05-04T15:15:00+09:00,
tickers_core_korea,003230.KS,1316000.0,yf_close(5m),2026-05-04T15:15:00+09:00,
tickers_core_korea,097950.KS,241000.0,yf_close(5m),2026-05-04T15:30:00+09:00,
tickers_core_korea,271560.KS,142500.0,yf_close(5m),2026-05-04T15:15:00+09:00,
tickers_core_korea,004370.KS,381000.0,yf_close(5m),2026-05-04T15:15:00+09:00,
tickers_core_korea,282330.KS,132400.0,yf_close(5m),2026-05-04T15:30:00+09:00,
tickers_core_korea,008770.KS,64700.0,yf_close(5m),2026-05-04T15:15:00+09:00,
tickers_core_korea,207940.KS,1481000.0,yf_close(5m),2026-05-04T15:15:00+09:00,
tickers_core_korea,068270.KS,197800.0,yf_close(5m),2026-05-04T15:15:00+09:00,
tickers_core_korea,000100.KS,90500.0,yf_close(5m),2026-05-04T15:15:00+09:00,
tickers_core_korea,326030.KS,99300.0,yf_close(5m),2026-05-04T15:30:00+09:00,
tickers_core_korea,196170.KQ,373500.0,yf_close(5m),2026-05-04T15:15:00+09:00,
tickers_core_korea,000250.KQ,410000.0,yf_close(5m),2026-05-04T15:15:00+09:00,
tickers_core_korea,214150.KQ,56300.0,yf_close(5m),2026-05-04T15:30:00+09:00,
tickers_core_korea,145720.KS,52700.0,yf_close(5m),2026-05-04T15:15:00+09:00,
tickers_core_korea,005380.KS,539000.0,yf_close(5m),2026-05-04T15:30:00+09:00,
tickers_core_korea,000270.KS,153700.0,yf_close(5m),2026-05-04T15:15:00+09:00,
tickers_core_korea,012330.KS,430500.0,yf_close(5m),2026-05-04T15:15:00+09:00,
tickers_core_korea,035420.KS,208500.0,yf_close(5m),2026-05-04T15:15:00+09:00,
tickers_core_korea,035720.KS,47100.0,yf_close(5m),2026-05-04T15:30:00+09:00,
tickers_core_korea,105560.KS,157900.0,yf_close(5m),2026-05-04T15:15:00+09:00,
tickers_core_korea,055550.KS,98000.0,yf_close(5m),2026-05-04T15:30:00+09:00,
tickers_core_korea,086790.KS,126100.0,yf_close(5m),2026-05-04T15:20:00+09:00,
tickers_core_korea,316140.KS,33300.0,yf_close(5m),2026-05-04T15:30:00+09:00,
tickers_core_korea,051910.KS,429000.0,yf_close(5m),2026-05-04T15:15:00+09:00,
tickers_core_korea,006400.KS,704000.0,yf_close(5m),2026-05-04T15:15:00+09:00,
tickers_core_korea,003670.KS,267000.0,yf_close(5m),2026-05-04T15:30:00+09:00,
tickers_core_korea,086520.KQ,155800.0,yf_close(5m),2026-05-04T15:30:00+09:00,
tickers_core_korea,247540.KQ,215500.0,yf_close(5m),2026-05-04T15:15:00+09:00,
tickers_core_korea,011170.KS,106200.0,yf_close(5m),2026-05-04T15:15:00+09:00,
tickers_core_korea,009830.KS,49800.0,yf_close(5m),2026-05-04T15:15:00+09:00,
tickers_core_korea,010060.KS,356000.0,yf_close(5m),2026-05-04T15:15:00+09:00,
tickers_core_korea,112610.KS,69400.0,yf_close(5m),2026-05-04T15:15:00+09:00,
tickers_core_korea,297090.KQ,8780.0,yf_close(5m),2026-05-04T15:15:00+09:00,
tickers_core_korea,322000.KS,221000.0,yf_close(5m),2026-05-04T15:15:00+09:00,
tickers_core_korea,307950.KS,446000.0,yf_close(5m),2026-05-04T15:30:00+09:00,
tickers_core_korea,204320.KS,57900.0,yf_close(5m),2026-05-04T15:15:00+09:00,
tickers_core_korea,305720.KS,22260.0,yf_close(5m),2026-05-04T15:15:00+09:00,
tickers_core_korea,305540.KS,27730.0,yf_close(5m),2026-05-04T15:15:00+09:00,
tickers_core_korea,445290.KS,35810.0,yf_close(5m),2026-05-04T15:15:00+09:00,
tickers_core_korea,132030.KS,26065.0,yf_close(5m),2026-05-04T15:15:00+09:00,
tickers_core_korea,411060.KS,30255.0,yf_close(5m),2026-05-04T15:15:00+09:00,
tickers_core_korea,006800.KS,70300.0,yf_close(5m),2026-05-04T15:15:00+09:00,
tickers_core_korea,016360.KS,137900.0,yf_close(5m),2026-05-04T15:15:00+09:00,
tickers_core_korea,005940.KS,36350.0,yf_close(5m),2026-05-04T15:15:00+09:00,
tickers_core_korea,071050.KS,262000.0,yf_close(5m),2026-05-04T15:15:00+09:00,
tickers_core_korea,024110.KS,22100.0,yf_close(5m),2026-05-04T15:30:00+09:00,
tickers_core_korea,000810.KS,472500.0,yf_close(5m),2026-05-04T15:15:00+09:00,
tickers_core_korea,003550.KS,102100.0,yf_close(5m),2026-05-04T15:15:00+09:00,
tickers_core_korea,034730.KS,475500.0,yf_close(5m),2026-05-04T15:30:00+09:00,
tickers_core_korea,000880.KS,139900.0,yf_close(5m),2026-05-04T15:30:00+09:00,
tickers_core_korea,028260.KS,319500.0,yf_close(5m),2026-05-04T15:15:00+09:00,
tickers_core_korea,000720.KS,159000.0,yf_close(5m),2026-05-04T15:15:00+09:00,
tickers_core_korea,006360.KS,35950.0,yf_close(5m),2026-05-04T15:15:00+09:00,
tickers_core_korea,047040.KS,32100.0,yf_close(5m),2026-05-04T15:15:00+09:00,
tickers_core_korea,298040.KS,4228000.0,yf_close(5m),2026-05-04T15:30:00+09:00,
tickers_core_korea,357780.KS,458000.0,yf_close(5m),2026-04-30T09:00:00+09:00,
tickers_core_korea,060280.KQ,16240.0,yf_close(5m),2026-05-04T15:15:00+09:00,
tickers_core_korea,373220.KS,472000.0,yf_close(5m),2026-05-04T15:30:00+09:00,
tickers_core_korea,353200.KQ,112800.0,yf_close(5m),2026-04-30T09:00:00+09:00,
tickers_core_korea,195870.KS,79500.0,yf_close(5m),2026-05-04T15:15:00+09:00,
tickers_core_korea,005385.KS,249000.0,yf_close(5m),2026-05-04T15:30:00+09:00,
tickers_core_korea,005387.KS,250000.0,yf_close(5m),2026-05-04T15:15:00+09:00,
tickers_core_korea,005389.KS,241000.0,yf_close(5m),2026-05-04T15:15:00+09:00,
tickers_core_korea,051915.KS,196400.0,yf_close(5m),2026-05-04T15:15:00+09:00,
tickers_core_korea,006405.KS,355500.0,yf_close(5m),2026-05-04T15:15:00+09:00,
tickers_core_korea,078935.KS,57100.0,yf_close(5m),2026-05-04T15:30:00+09:00,
tickers_core_korea,003555.KS,72300.0,yf_close(5m),2026-05-04T15:15:00+09:00,
tickers_core_korea,005945.KS,28300.0,yf_close(5m),2026-05-04T15:15:00+09:00,
tickers_core_korea,071055.KS,182900.0,yf_close(5m),2026-05-04T15:15:00+09:00,
tickers_core_korea,000815.KS,372500.0,yf_close(5m),2026-05-04T15:15:00+09:00,
tickers_core_korea,010955.KS,59600.0,yf_close(5m),2026-05-04T15:15:00+09:00,
tickers_core_korea,000885.KS,,,,no_data
tickers_core_korea,001045.KS,90100.0,yf_close(5m),2026-05-04T15:15:00+09:00,
tickers_core_korea,475150.KS,55200.0,yf_close(5m),2026-05-04T15:30:00+09:00,
tickers_core_korea,010120.KS,293750.0,yf_close(5m),2026-05-04T15:15:00+09:00,
tickers_core_korea,103590.KS,144300.0,yf_close(5m),2026-05-04T15:15:00+09:00,
tickers_core_korea,033100.KQ,91500.0,yf_close(5m),2026-05-04T15:15:00+09:00,
tickers_core_korea,001440.KS,60700.0,yf_close(5m),2026-05-04T15:20:00+09:00,
tickers_core_korea,000500.KS,288500.0,yf_close(5m),2026-05-04T15:30:00+09:00,
tickers_core_korea,062040.KS,334000.0,yf_close(5m),2026-05-04T15:15:00+09:00,
tickers_core_korea,018260.KS,166700.0,yf_close(5m),2026-05-04T15:15:00+09:00,
tickers_core_korea,064400.KS,65900.0,yf_close(5m),2026-05-04T15:30:00+09:00,
tickers_core_korea,030200.KS,60100.0,yf_close(5m),2026-05-04T15:15:00+09:00,
tickers_core_korea,032640.KS,15930.0,yf_close(5m),2026-05-04T15:15:00+09:00,
tickers_core_korea,181710.KS,40550.0,yf_close(5m),2026-05-04T15:15:00+09:00,
tickers_core_korea,022100.KS,35300.0,yf_close(5m),2026-05-04T15:15:00+09:00,
tickers_core_korea,028050.KS,55000.0,yf_close(5m),2026-05-04T15:15:00+09:00,
tickers_core_korea,375500.KS,91300.0,yf_close(5m),2026-05-04T15:15:00+09:00,
tickers_core_korea,053690.KS,27700.0,yf_close(5m),2026-05-04T15:30:00+09:00,
tickers_core_korea,294870.KS,22600.0,yf_close(5m),2026-05-04T15:30:00+09:00,
tickers_core_korea,007660.KS,148800.0,yf_close(5m),2026-05-04T15:15:00+09:00,
tickers_core_korea,007810.KS,91400.0,yf_close(5m),2026-05-04T15:30:00+09:00,
tickers_core_korea,356860.KQ,92100.0,yf_close(5m),2026-05-04T15:15:00+09:00,
tickers_core_korea,454320.KS,63205.0,yf_close(5m),2026-05-04T15:15:00+09:00,
tickers_core_korea,336260.KS,60700.0,yf_close(5m),2026-05-04T15:15:00+09:00,
tickers_core_korea,036460.KS,38800.0,yf_close(5m),2026-05-04T15:15:00+09:00,
tickers_core_korea,096770.KS,145600.0,yf_close(5m),2026-05-04T15:15:00+09:00,
tickers_core_korea,199820.KQ,20700.0,yf_close(5m),2026-05-04T15:30:00+09:00,
tickers_core_korea,017510.KS,14500.0,yf_close(5m),2026-04-30T09:00:00+09:00,
tickers_core_korea,009155.KS,375500.0,yf_close(5m),2026-05-04T15:15:00+09:00,
tickers_core_korea,066575.KS,61400.0,yf_close(5m),2026-05-04T15:30:00+09:00,
tickers_core_korea,003545.KS,24100.0,yf_close(5m),2026-05-04T15:15:00+09:00,
tickers_core_korea,003547.KS,22850.0,yf_close(5m),2026-05-04T15:15:00+09:00,
tickers_core_korea,00680K.KS,20500.0,yf_close(5m),2026-05-04T15:15:00+09:00,
tickers_core_korea,009835.KS,28850.0,yf_close(5m),2026-05-04T15:15:00+09:00,
tickers_core_korea,00088K.KS,50300.0,yf_close(5m),2026-05-04T15:15:00+09:00,
tickers_core_korea,000155.KS,682000.0,yf_close(5m),2026-05-04T15:30:00+09:00,
tickers_core_korea,000157.KS,601000.0,yf_close(5m),2026-05-04T15:15:00+09:00,
tickers_core_korea,000105.KS,75300.0,yf_close(5m),2026-05-04T15:15:00+09:00,
tickers_core_korea,000145.KS,12180.0,yf_close(5m),2026-05-04T15:00:00+09:00,
tickers_core_korea,000087.KS,14040.0,yf_close(5m),2026-05-04T15:10:00+09:00,
tickers_core_korea,000725.KS,73600.0,yf_close(5m),2026-05-04T15:15:00+09:00,
tickers_core_korea,000215.KS,29250.0,yf_close(5m),2026-05-04T15:15:00+09:00,
tickers_core_korea,097955.KS,137800.0,yf_close(5m),2026-05-04T15:30:00+09:00,
tickers_core_korea,006805.KS,22350.0,yf_close(5m),2026-05-04T15:15:00+09:00,
tickers_core_korea,03473K.KS,326500.0,yf_close(5m),2026-05-04T15:15:00+09:00,
tickers_core_korea,010950.KS,128050.0,yf_close(5m),2026-05-04T15:15:00+09:00,
tickers_core_korea,071320.KS,76300.0,yf_close(5m),2026-05-04T15:15:00+09:00,
tickers_core_korea,005090.KS,60700.0,yf_close(5m),2026-05-04T15:15:00+09:00,
tickers_core_korea,229640.KS,90400.0,yf_close(5m),2026-05-04T15:30:00+09:00,
tickers_core_korea,009410.KS,1978.0,yf_close(5m),2026-05-04T15:15:00+09:00,
tickers_core_korea,097230.KS,28800.0,yf_close(5m),2026-05-04T15:15:00+09:00,
tickers_core_korea,009540.KS,468000.0,yf_close(5m),2026-05-04T15:15:00+09:00,
tickers_core_korea,267250.KS,302500.0,yf_close(5m),2026-05-04T15:30:00+09:00,
tickers_core_korea,267270.KS,191100.0,yf_close(5m),2026-05-04T15:30:00+09:00,
tickers_core_korea,042670.KS,,,,no_data
tickers_core_korea,272210.KS,119700.0,yf_close(5m),2026-05-04T15:30:00+09:00,
tickers_core_korea,103140.KS,100300.0,yf_close(5m),2026-05-04T15:30:00+09:00,
tickers_core_korea,005490.KS,502000.0,yf_close(5m),2026-05-04T15:15:00+09:00,
tickers_core_korea,047050.KS,87200.0,yf_close(5m),2026-05-04T15:15:00+09:00,
tickers_core_korea,306200.KS,179950.0,yf_close(5m),2026-05-04T15:15:00+09:00,
tickers_core_korea,038500.KQ,16310.0,yf_close(5m),2026-05-04T15:15:00+09:00,
tickers_core_korea,300720.KS,17300.0,yf_close(5m),2026-05-04T15:30:00+09:00,
tickers_core_korea,001120.KS,52300.0,yf_close(5m),2026-05-04T15:30:00+09:00,
tickers_core_korea,227840.KS,14190.0,yf_close(5m),2026-05-04T15:30:00+09:00,
tickers_core_korea,211270.KQ,17480.0,yf_close(5m),2026-05-04T15:20:00+09:00,
tickers_core_korea,099320.KQ,167400.0,yf_close(5m),2026-05-04T15:15:00+09:00,
tickers_core_korea,189300.KQ,141600.0,yf_close(5m),2026-05-04T15:20:00+09:00,
tickers_core_korea,451760.KQ,23150.0,yf_close(5m),2026-05-04T15:30:00+09:00,
tickers_core_korea,274090.KQ,21850.0,yf_close(5m),2026-05-04T15:15:00+09:00,
tickers_core_korea,295310.KQ,89600.0,yf_close(5m),2026-05-04T15:15:00+09:00,
tickers_core_korea,225190.KS,2150.0,yf_close(5m),2026-04-30T09:00:00+09:00,
tickers_core_korea,066970.KQ,,,,no_data
tickers_core_korea,005070.KS,62700.0,yf_close(5m),2026-05-04T15:15:00+09:00,
tickers_core_korea,078600.KQ,157300.0,yf_close(5m),2026-05-04T15:15:00+09:00,
tickers_core_korea,278280.KQ,65500.0,yf_close(5m),2026-05-04T15:15:00+09:00,
tickers_core_korea,121600.KQ,84500.0,yf_close(5m),2026-05-04T15:30:00+09:00,
tickers_core_korea,011790.KS,124000.0,yf_close(5m),2026-05-04T15:15:00+09:00,
tickers_core_korea,141080.KQ,181500.0,yf_close(5m),2026-05-04T15:20:00+09:00,
tickers_core_korea,087010.KQ,267500.0,yf_close(5m),2026-05-04T15:30:00+09:00,
tickers_core_korea,298380.KQ,132500.0,yf_close(5m),2026-05-04T15:30:00+09:00,
tickers_core_korea,310210.KQ,292000.0,yf_close(5m),2026-05-04T15:30:00+09:00,
tickers_core_korea,028300.KQ,61400.0,yf_close(5m),2026-05-04T15:15:00+09:00,
tickers_core_korea,039200.KQ,51500.0,yf_close(5m),2026-05-04T15:15:00+09:00,
tickers_core_korea,950160.KQ,105400.0,yf_close(5m),2026-05-04T15:15:00+09:00,
tickers_core_korea,214370.KQ,105500.0,yf_close(5m),2026-05-04T15:15:00+09:00,
tickers_core_korea,011780.KS,143300.0,yf_close(5m),2026-05-04T15:15:00+09:00,
tickers_core_korea,006650.KS,179800.0,yf_close(5m),2026-05-04T15:15:00+09:00,
tickers_core_korea,120110.KS,93600.0,yf_close(5m),2026-05-04T15:15:00+09:00,
tickers_core_korea,298000.KS,,,,no_data
tickers_core_korea,004000.KS,66300.0,yf_close(5m),2026-05-04T15:15:00+09:00,
tickers_core_korea,010130.KS,1621000.0,yf_close(5m),2026-05-04T15:15:00+09:00,
tickers_core_korea,060370.KQ,49550.0,yf_close(5m),2026-05-04T15:15:00+09:00,
tickers_core_korea,361610.KS,26800.0,yf_close(5m),2026-05-04T15:15:00+09:00,
tickers_core_korea,348370.KQ,45100.0,yf_close(5m),2026-05-04T15:15:00+09:00,
tickers_core_korea,078930.KS,80400.0,yf_close(5m),2026-05-04T15:15:00+09:00,
tickers_core_korea,018670.KS,266500.0,yf_close(5m),2026-05-04T15:15:00+09:00,
tickers_core_korea,017940.KS,104000.0,yf_close(5m),2026-05-04T15:15:00+09:00,
tickers_core_korea,443060.KS,269500.0,yf_close(5m),2026-05-04T15:15:00+09:00,
tickers_core_korea,082740.KS,89400.0,yf_close(5m),2026-05-04T15:15:00+09:00,
tickers_core_korea,017960.KS,48700.0,yf_close(5m),2026-05-04T15:15:00+09:00,
tickers_core_korea,033500.KQ,29250.0,yf_close(5m),2026-05-04T15:30:00+09:00,
tickers_core_korea,005870.KS,9060.0,yf_close(5m),2026-05-04T15:15:00+09:00,
tickers_core_korea,003570.KS,58800.0,yf_close(5m),2026-05-04T15:15:00+09:00,
tickers_core_korea,010820.KS,14270.0,yf_close(5m),2026-05-04T15:30:00+09:00,
tickers_core_korea,052690.KS,186300.0,yf_close(5m),2026-05-04T15:30:00+09:00,
tickers_core_korea,051600.KS,61400.0,yf_close(5m),2026-05-04T15:30:00+09:00,
tickers_core_korea,105840.KS,28650.0,yf_close(5m),2026-05-04T15:15:00+09:00,
tickers_core_korea,083650.KQ,99100.0,yf_close(5m),2026-05-04T15:15:00+09:00,
tickers_core_korea,032820.KQ,21550.0,yf_close(5m),2026-05-04T15:15:00+09:00,
tickers_indices_fill_korea,000020.KS,6010.0,yf_close(5m),2026-05-04T15:15:00+09:00,
tickers_indices_fill_korea,000030.KS,,,,no_data
tickers_indices_fill_korea,000040.KS,436.0,yf_close(5m),2026-05-04T15:30:00+09:00,
tickers_indices_fill_korea,000050.KS,10320.0,yf_close(5m),2026-05-04T15:30:00+09:00,
tickers_indices_fill_korea,000060.KS,,,,no_data
tickers_indices_fill_korea,000070.KS,68200.0,yf_close(5m),2026-05-04T15:15:00+09:00,
tickers_indices_fill_korea,000080.KS,17065.0,yf_close(5m),2026-05-04T15:15:00+09:00,
tickers_indices_fill_korea,000120.KS,101050.0,yf_close(5m),2026-05-04T15:15:00+09:00,
tickers_indices_fill_korea,000140.KS,9200.0,yf_close(5m),2026-05-04T15:30:00+09:00,
tickers_indices_fill_korea,000150.KS,1705000.0,yf_close(5m),2026-05-04T15:15:00+09:00,
tickers_indices_fill_korea,000210.KS,67300.0,yf_close(5m),2026-05-04T15:15:00+09:00,
tickers_indices_fill_korea,000240.KS,25150.0,yf_close(5m),2026-05-04T15:15:00+09:00,
tickers_indices_fill_korea,000670.KS,67000.0,yf_close(5m),2026-05-04T15:15:00+09:00,
tickers_indices_fill_korea,001040.KS,224500.0,yf_close(5m),2026-05-04T15:30:00+09:00,
tickers_indices_fill_korea,001060.KS,30675.0,yf_close(5m),2026-05-04T15:15:00+09:00,
tickers_indices_fill_korea,001230.KS,,,,no_data
tickers_indices_fill_korea,001250.KS,4660.0,yf_close(5m),2026-05-04T15:15:00+09:00,
tickers_indices_fill_korea,001430.KS,71900.0,yf_close(5m),2026-05-04T15:15:00+09:00,
tickers_indices_fill_korea,001450.KS,31150.0,yf_close(5m),2026-05-04T15:15:00+09:00,
tickers_indices_fill_korea,001470.KS,,,,no_data
tickers_indices_fill_korea,001520.KS,798.0,yf_close(5m),2026-05-04T15:15:00+09:00,
tickers_indices_fill_korea,001570.KS,,,,no_data
tickers_indices_fill_korea,001680.KS,20350.0,yf_close(5m),2026-05-04T15:15:00+09:00,
tickers_indices_fill_korea,001740.KS,6600.0,yf_close(5m),2026-05-04T15:15:00+09:00,
tickers_indices_fill_korea,001800.KS,24950.0,yf_close(5m),2026-05-04T15:15:00+09:00,
tickers_indices_fill_korea,001940.KS,26850.0,yf_close(5m),2026-05-04T15:15:00+09:00,
tickers_indices_fill_korea,002020.KS,69900.0,yf_close(5m),2026-05-04T15:30:00+09:00,
tickers_indices_fill_korea,002150.KS,6940.0,yf_close(5m),2026-05-04T15:15:00+09:00,
tickers_indices_fill_korea,002240.KS,25400.0,yf_close(5m),2026-05-04T15:15:00+09:00,
tickers_indices_fill_korea,002270.KS,,,,no_data
tickers_indices_fill_korea,002320.KS,19230.0,yf_close(5m),2026-05-04T15:15:00+09:00,
tickers_indices_fill_korea,002350.KS,7370.0,yf_close(5m),2026-05-04T15:15:00+09:00,
tickers_indices_fill_korea,002380.KS,574000.0,yf_close(5m),2026-05-04T15:15:00+09:00,
tickers_indices_fill_korea,002790.KS,28500.0,yf_close(5m),2026-05-04T15:15:00+09:00,
tickers_indices_fill_korea,002840.KS,151900.0,yf_close(5m),2026-05-04T15:15:00+09:00,
tickers_indices_fill_korea,002960.KS,495500.0,yf_close(5m),2026-05-04T15:15:00+09:00,
tickers_indices_fill_korea,003000.KS,6280.0,yf_close(5m),2026-05-04T15:15:00+09:00,
tickers_indices_fill_korea,003090.KS,22400.0,yf_close(5m),2026-05-04T15:15:00+09:00,
tickers_indices_fill_korea,003240.KS,1190000.0,yf_close(5m),2026-05-04T15:15:00+09:00,
tickers_indices_fill_korea,003300.KS,17410.0,yf_close(5m),2026-05-04T15:15:00+09:00,
tickers_indices_fill_korea,003410.KS,,,,no_data
tickers_indices_fill_korea,003470.KS,6020.0,yf_close(5m),2026-05-04T15:15:00+09:00,
tickers_indices_fill_korea,003520.KS,1751.0,yf_close(5m),2026-05-04T15:15:00+09:00,
tickers_indices_fill_korea,003540.KS,40050.0,yf_close(5m),2026-05-04T15:20:00+09:00,
tickers_indices_fill_korea,003620.KS,4440.0,yf_close(5m),2026-05-04T15:30:00+09:00,
tickers_indices_fill_korea,003850.KS,10010.0,yf_close(5m),2026-05-04T15:30:00+09:00,
tickers_indices_fill_korea,003920.KS,51700.0,yf_close(5m),2026-05-04T15:15:00+09:00,
tickers_indices_fill_korea,004020.KS,42900.0,yf_close(5m),2026-05-04T15:15:00+09:00,
tickers_indices_fill_korea,004150.KS,3375.0,yf_close(5m),2026-05-04T15:15:00+09:00,
tickers_indices_fill_korea,004270.KS,,,,no_data
tickers_indices_fill_korea,004430.KS,15750.0,yf_close(5m),2026-05-04T15:30:00+09:00,
tickers_indices_fill_korea,004490.KS,66700.0,yf_close(5m),2026-05-04T15:15:00+09:00,
tickers_indices_fill_korea,004710.KS,8170.0,yf_close(5m),2026-05-04T15:15:00+09:00,
tickers_indices_fill_korea,004800.KS,220500.0,yf_close(5m),2026-05-04T15:15:00+09:00,
tickers_indices_fill_korea,004990.KS,30050.0,yf_close(5m),2026-05-04T15:15:00+09:00,
tickers_indices_fill_korea,005180.KS,74300.0,yf_close(5m),2026-05-04T15:15:00+09:00,
tickers_indices_fill_korea,005250.KS,13940.0,yf_close(5m),2026-05-04T15:15:00+09:00,
tickers_indices_fill_korea,005390.KS,,,,no_data
tickers_indices_fill_korea,005830.KS,166800.0,yf_close(5m),2026-05-04T15:30:00+09:00,
tickers_indices_fill_korea,006040.KS,38550.0,yf_close(5m),2026-05-04T15:15:00+09:00,
tickers_indices_fill_korea,006120.KS,55500.0,yf_close(5m),2026-05-04T15:20:00+09:00,
tickers_indices_fill_korea,006260.KS,509000.0,yf_close(5m),2026-05-04T15:15:00+09:00,
tickers_indices_fill_korea,006280.KS,137500.0,yf_close(5m),2026-05-04T15:30:00+09:00,
tickers_indices_fill_korea,007070.KS,22900.0,yf_close(5m),2026-05-04T15:15:00+09:00,
tickers_indices_fill_korea,007310.KS,363500.0,yf_close(5m),2026-05-04T15:15:00+09:00,
tickers_indices_fill_korea,008560.KS,,,,no_data
tickers_indices_fill_korea,008930.KS,38050.0,yf_close(5m),2026-05-04T15:15:00+09:00,
tickers_indices_fill_korea,009240.KS,41650.0,yf_close(5m),2026-05-04T15:15:00+09:00,
tickers_indices_fill_korea,009420.KS,46200.0,yf_close(5m),2026-05-04T15:15:00+09:00,
tickers_indices_fill_korea,010100.KS,4515.0,yf_close(5m),2026-05-04T15:15:00+09:00,
tickers_indices_fill_korea,010620.KS,,,,no_data
tickers_indices_fill_korea,010780.KS,26200.0,yf_close(5m),2026-05-04T15:15:00+09:00,
tickers_indices_fill_korea,011200.KS,21100.0,yf_close(5m),2026-05-04T15:15:00+09:00,
tickers_indices_fill_korea,011210.KS,82800.0,yf_close(5m),2026-05-04T15:15:00+09:00,
tickers_indices_fill_korea,012750.KS,78400.0,yf_close(5m),2026-05-04T15:15:00+09:00,
tickers_indices_fill_korea,014820.KS,27650.0,yf_close(5m),2026-05-04T15:15:00+09:00,
tickers_indices_fill_korea,017800.KS,100000.0,yf_close(5m),2026-05-04T15:15:00+09:00,
tickers_indices_fill_korea,020150.KS,78200.0,yf_close(5m),2026-05-04T15:15:00+09:00,
tickers_indices_fill_korea,021240.KS,86500.0,yf_close(5m),2026-05-04T15:20:00+09:00,
tickers_indices_fill_korea,028670.KS,5610.0,yf_close(5m),2026-05-04T15:15:00+09:00,
tickers_indices_fill_korea,029780.KS,52500.0,yf_close(5m),2026-05-04T15:30:00+09:00,
tickers_indices_fill_korea,030000.KS,19710.0,yf_close(5m),2026-05-04T15:15:00+09:00,
tickers_indices_fill_korea,031430.KS,14870.0,yf_close(5m),2026-05-04T15:15:00+09:00,
tickers_indices_fill_korea,033780.KS,179600.0,yf_close(5m),2026-05-04T15:30:00+09:00,
tickers_indices_fill_korea,039490.KS,420500.0,yf_close(5m),2026-05-04T15:15:00+09:00,
tickers_indices_fill_korea,069260.KS,18430.0,yf_close(5m),2026-05-04T15:15:00+09:00,
tickers_indices_fill_korea,069620.KS,148000.0,yf_close(5m),2026-05-04T15:15:00+09:00,
tickers_indices_fill_korea,073240.KS,5670.0,yf_close(5m),2026-05-04T15:30:00+09:00,
tickers_indices_fill_korea,081660.KS,40250.0,yf_close(5m),2026-05-04T15:15:00+09:00,
tickers_indices_fill_korea,086280.KS,225500.0,yf_close(5m),2026-05-04T15:30:00+09:00,
tickers_indices_fill_korea,088350.KS,5040.0,yf_close(5m),2026-05-04T15:30:00+09:00,
tickers_indices_fill_korea,093050.KS,25200.0,yf_close(5m),2026-05-04T15:15:00+09:00,
tickers_indices_fill_korea,093370.KS,14130.0,yf_close(5m),2026-05-04T15:15:00+09:00,
tickers_indices_fill_korea,100590.KS,6200.0,yf_close(5m),2026-04-30T09:00:00+09:00,
tickers_indices_fill_korea,108320.KS,62900.0,yf_close(5m),2026-05-04T15:15:00+09:00,
tickers_indices_fill_korea,111770.KS,85500.0,yf_close(5m),2026-05-04T15:15:00+09:00,
tickers_indices_fill_korea,115390.KS,,,,no_data
tickers_indices_fill_korea,128940.KS,444500.0,yf_close(5m),2026-05-04T15:15:00+09:00,
tickers_indices_fill_korea,137310.KS,8210.0,yf_close(5m),2026-05-04T15:30:00+09:00,
tickers_indices_fill_korea,138040.KS,113400.0,yf_close(5m),2026-05-04T15:15:00+09:00,
tickers_indices_fill_korea,138930.KS,18200.0,yf_close(5m),2026-05-04T15:30:00+09:00,
tickers_indices_fill_korea,139130.KS,19260.0,yf_close(5m),2026-05-04T15:15:00+09:00,
tickers_indices_fill_korea,139480.KS,105900.0,yf_close(5m),2026-05-04T15:15:00+09:00,
tickers_indices_fill_korea,145990.KS,47350.0,yf_close(5m),2026-05-04T15:15:00+09:00,
tickers_indices_fill_korea,161390.KS,61200.0,yf_close(5m),2026-05-04T15:15:00+09:00,
tickers_indices_fill_korea,175330.KS,27250.0,yf_close(5m),2026-05-04T15:15:00+09:00,
tickers_indices_fill_korea,180640.KS,112200.0,yf_close(5m),2026-05-04T15:15:00+09:00,
tickers_indices_fill_korea,185750.KS,86100.0,yf_close(5m),2026-05-04T15:30:00+09:00,
tickers_indices_fill_korea,192080.KS,61300.0,yf_close(5m),2026-05-04T15:15:00+09:00,
tickers_indices_fill_korea,241560.KS,74000.0,yf_close(5m),2026-05-04T15:30:00+09:00,
tickers_indices_fill_korea,285130.KS,59700.0,yf_close(5m),2026-05-04T15:30:00+09:00,
tickers_indices_fill_korea,298020.KS,508000.0,yf_close(5m),2026-05-04T15:15:00+09:00,
tickers_indices_fill_korea,298050.KS,267000.0,yf_close(5m),2026-05-04T15:15:00+09:00,
tickers_indices_fill_korea,302440.KS,43300.0,yf_close(5m),2026-05-04T15:30:00+09:00,
tickers_indices_fill_korea,352820.KS,257500.0,yf_close(5m),2026-05-04T15:30:00+09:00,
tickers_indices_fill_korea,003380.KQ,13500.0,yf_close(5m),2026-05-04T15:30:00+09:00,
tickers_indices_fill_korea,004540.KQ,2005.0,yf_close(5m),2026-04-30T09:00:00+09:00,
tickers_indices_fill_korea,004650.KQ,10520.0,yf_close(5m),2026-05-04T15:15:00+09:00,
tickers_indices_fill_korea,006220.KQ,12620.0,yf_close(5m),2026-04-30T09:00:00+09:00,
tickers_indices_fill_korea,007390.KQ,20400.0,yf_close(5m),2026-05-04T15:15:00+09:00,
tickers_indices_fill_korea,011560.KQ,22600.0,yf_close(5m),2026-05-04T15:15:00+09:00,
tickers_indices_fill_korea,014620.KQ,46400.0,yf_close(5m),2026-05-04T15:15:00+09:00,
tickers_indices_fill_korea,023160.KQ,46000.0,yf_close(5m),2026-05-04T15:30:00+09:00,
tickers_indices_fill_korea,024800.KQ,4460.0,yf_close(5m),2026-05-04T15:15:00+09:00,
tickers_indices_fill_korea,025900.KQ,11860.0,yf_close(5m),2026-05-04T15:15:00+09:00,
tickers_indices_fill_korea,031510.KQ,1018.0,yf_close(5m),2026-05-04T15:15:00+09:00,
tickers_indices_fill_korea,031980.KQ,132300.0,yf_close(5m),2026-05-04T15:15:00+09:00,
tickers_indices_fill_korea,032500.KQ,31550.0,yf_close(5m),2026-05-04T15:15:00+09:00,
tickers_indices_fill_korea,033640.KQ,32900.0,yf_close(5m),2026-05-04T15:20:00+09:00,
tickers_indices_fill_korea,035600.KQ,11480.0,yf_close(5m),2026-05-04T15:30:00+09:00,
tickers_indices_fill_korea,035760.KQ,54200.0,yf_close(5m),2026-05-04T15:30:00+09:00,
tickers_indices_fill_korea,035900.KQ,62500.0,yf_close(5m),2026-05-04T15:15:00+09:00,
tickers_indices_fill_korea,036490.KQ,,,,no_data
tickers_indices_fill_korea,036830.KQ,71500.0,yf_close(5m),2026-05-04T15:15:00+09:00,
tickers_indices_fill_korea,036890.KQ,19250.0,yf_close(5m),2026-05-04T15:15:00+09:00,
tickers_indices_fill_korea,036930.KQ,126600.0,yf_close(5m),2026-05-04T15:30:00+09:00,
tickers_indices_fill_korea,040420.KQ,5980.0,yf_close(5m),2026-05-04T15:15:00+09:00,
tickers_indices_fill_korea,041190.KQ,6740.0,yf_close(5m),2026-05-04T15:15:00+09:00,
tickers_indices_fill_korea,041510.KQ,96800.0,yf_close(5m),2026-05-04T15:30:00+09:00,
tickers_indices_fill_korea,041960.KQ,9750.0,yf_close(5m),2026-05-04T15:15:00+09:00,
tickers_indices_fill_korea,042000.KQ,25750.0,yf_close(5m),2026-05-04T15:15:00+09:00,
tickers_indices_fill_korea,046890.KQ,17930.0,yf_close(5m),2026-05-04T15:30:00+09:00,
tickers_indices_fill_korea,048260.KQ,,,,no_data
tickers_indices_fill_korea,048410.KQ,14440.0,yf_close(5m),2026-05-04T15:15:00+09:00,
tickers_indices_fill_korea,048530.KQ,3485.0,yf_close(5m),2026-05-04T15:15:00+09:00,
tickers_indices_fill_korea,051900.KQ,254000.0,yf_close(5m),2026-04-30T09:00:00+09:00,
tickers_indices_fill_korea,053030.KQ,11020.0,yf_close(5m),2026-05-04T15:15:00+09:00,
tickers_indices_fill_korea,056190.KQ,32500.0,yf_close(5m),2026-05-04T15:15:00+09:00,
tickers_indices_fill_korea,060250.KQ,20150.0,yf_close(5m),2026-05-04T15:15:00+09:00,
tickers_indices_fill_korea,064290.KQ,31350.0,yf_close(5m),2026-05-04T15:15:00+09:00,
tickers_indices_fill_korea,064550.KQ,10220.0,yf_close(5m),2026-05-04T15:15:00+09:00,
tickers_indices_fill_korea,065350.KQ,58100.0,yf_close(5m),2026-05-04T15:15:00+09:00,
tickers_indices_fill_korea,065660.KQ,34850.0,yf_close(5m),2026-05-04T15:30:00+09:00,
tickers_indices_fill_korea,067310.KQ,42000.0,yf_close(5m),2026-05-04T15:15:00+09:00,
tickers_indices_fill_korea,067630.KQ,4240.0,yf_close(5m),2026-05-04T15:30:00+09:00,
tickers_indices_fill_korea,068240.KQ,,,,no_data
tickers_indices_fill_korea,068760.KQ,55700.0,yf_close(5m),2026-05-04T15:15:00+09:00,
tickers_indices_fill_korea,069080.KQ,12160.0,yf_close(5m),2026-05-04T15:30:00+09:00,
tickers_indices_fill_korea,078130.KQ,436.0,yf_close(5m),2026-04-27T15:30:00+09:00,
tickers_indices_fill_korea,081580.KQ,3210.0,yf_close(5m),2026-05-04T15:15:00+09:00,
tickers_indices_fill_korea,082270.KQ,23300.0,yf_close(5m),2026-05-04T15:30:00+09:00,
tickers_indices_fill_korea,083450.KQ,50100.0,yf_close(5m),2026-05-04T15:30:00+09:00,
tickers_indices_fill_korea,083790.KQ,1213.0,yf_close(5m),2026-05-04T15:15:00+09:00,
tickers_indices_fill_korea,084370.KQ,132100.0,yf_close(5m),2026-05-04T15:15:00+09:00,
tickers_indices_fill_korea,084850.KQ,17140.0,yf_close(5m),2026-05-04T15:15:00+09:00,
tickers_indices_fill_korea,086390.KQ,19400.0,yf_close(5m),2026-05-04T15:30:00+09:00,
tickers_indices_fill_korea,086900.KQ,105500.0,yf_close(5m),2026-05-04T15:30:00+09:00,
tickers_indices_fill_korea,088390.KQ,13830.0,yf_close(5m),2026-05-04T15:15:00+09:00,
tickers_indices_fill_korea,089010.KQ,38050.0,yf_close(5m),2026-05-04T15:15:00+09:00,
tickers_indices_fill_korea,089970.KQ,56000.0,yf_close(5m),2026-05-04T15:15:00+09:00,
tickers_indices_fill_korea,090460.KQ,,,,no_data
tickers_indices_fill_korea,091700.KQ,7770.0,yf_close(5m),2026-05-04T15:15:00+09:00,
tickers_indices_fill_korea,091990.KQ,,,,no_data
tickers_indices_fill_korea,092190.KQ,11230.0,yf_close(5m),2026-05-04T15:15:00+09:00,
tickers_indices_fill_korea,095610.KQ,86800.0,yf_close(5m),2026-05-04T15:15:00+09:00,
tickers_indices_fill_korea,095660.KQ,21900.0,yf_close(5m),2026-05-04T15:30:00+09:00,
tickers_indices_fill_korea,095700.KQ,5280.0,yf_close(5m),2026-05-04T15:15:00+09:00,
tickers_indices_fill_korea,096240.KQ,10800.0,yf_close(5m),2026-05-04T15:15:00+09:00,
tickers_indices_fill_korea,096530.KQ,24550.0,yf_close(5m),2026-05-04T15:15:00+09:00,
tickers_indices_fill_korea,098460.KQ,38950.0,yf_close(5m),2026-05-04T15:30:00+09:00,
tickers_indices_fill_korea,099430.KQ,5860.0,yf_close(5m),2026-05-04T15:15:00+09:00,
tickers_indices_fill_korea,101490.KQ,99900.0,yf_close(5m),2026-05-04T15:15:00+09:00,
tickers_indices_fill_korea,102710.KQ,57900.0,yf_close(5m),2026-05-04T15:30:00+09:00,
tickers_indices_fill_korea,108230.KQ,4445.0,yf_close(5m),2026-05-04T15:30:00+09:00,
tickers_indices_fill_korea,110790.KQ,3975.0,yf_close(5m),2026-05-04T15:15:00+09:00,
tickers_indices_fill_korea,112040.KQ,24400.0,yf_close(5m),2026-05-04T15:30:00+09:00,
tickers_indices_fill_korea,119610.KQ,21550.0,yf_close(5m),2026-05-04T15:15:00+09:00,
tickers_indices_fill_korea,122450.KQ,3235.0,yf_close(5m),2026-05-04T15:30:00+09:00,
tickers_indices_fill_korea,122870.KQ,53500.0,yf_close(5m),2026-05-04T15:30:00+09:00,
tickers_indices_fill_korea,131390.KQ,,,,no_data
tickers_indices_fill_korea,131970.KQ,132100.0,yf_close(5m),2026-05-04T15:30:00+09:00,
tickers_indices_fill_korea,137400.KQ,58000.0,yf_close(5m),2026-05-04T15:20:00+09:00,
tickers_indices_fill_korea,140410.KQ,91200.0,yf_close(5m),2026-05-04T15:15:00+09:00,
tickers_indices_fill_korea,140860.KQ,314500.0,yf_close(5m),2026-05-04T15:15:00+09:00,
tickers_indices_fill_korea,142280.KQ,3880.0,yf_close(5m),2026-05-04T15:15:00+09:00,
tickers_indices_fill_korea,143240.KQ,16890.0,yf_close(5m),2026-05-04T15:15:00+09:00,
tickers_indices_fill_korea,144510.KQ,23350.0,yf_close(5m),2026-05-04T15:15:00+09:00,
tickers_indices_fill_korea,145020.KQ,263000.0,yf_close(5m),2026-05-04T15:15:00+09:00,
tickers_indices_fill_korea,151910.KQ,,,,no_data
tickers_indices_fill_korea,153130.KQ,,,,no_data
tickers_indices_fill_korea,160550.KQ,1747.0,yf_close(5m),2026-05-04T15:15:00+09:00,
tickers_indices_fill_korea,174900.KQ,47400.0,yf_close(5m),2026-05-04T15:20:00+09:00,
tickers_indices_fill_korea,178320.KQ,61300.0,yf_close(5m),2026-05-04T15:30:00+09:00,
tickers_indices_fill_korea,178920.KQ,25750.0,yf_close(5m),2026-04-30T09:00:00+09:00,
tickers_indices_fill_korea,181710.KQ,41000.0,yf_close(5m),2026-04-30T09:00:00+09:00,
tickers_indices_fill_korea,183300.KQ,143400.0,yf_close(5m),2026-05-04T15:15:00+09:00,
tickers_indices_fill_korea,185490.KQ,1416.0,yf_close(5m),2026-05-04T15:15:00+09:00,
tickers_indices_fill_korea,187420.KQ,2820.0,yf_close(5m),2026-05-04T15:15:00+09:00,
tickers_indices_fill_korea,187660.KQ,9400.0,yf_close(5m),2026-05-04T15:15:00+09:00,
tickers_indices_fill_korea,190510.KQ,19340.0,yf_close(5m),2026-05-04T15:15:00+09:00,
tickers_indices_fill_korea,192440.KQ,26900.0,yf_close(5m),2026-05-04T15:30:00+09:00,
tickers_indices_fill_korea,195940.KQ,52100.0,yf_close(5m),2026-05-04T15:15:00+09:00,
tickers_indices_fill_korea,200130.KQ,11420.0,yf_close(5m),2026-05-04T15:30:00+09:00,
tickers_indices_fill_korea,204270.KQ,19100.0,yf_close(5m),2026-05-04T15:30:00+09:00,
tickers_indices_fill_korea,205470.KQ,,,,no_data
tickers_indices_fill_korea,208340.KQ,,,,no_data
tickers_indices_fill_korea,215000.KQ,50400.0,yf_close(5m),2026-05-04T15:30:00+09:00,
tickers_indices_fill_korea,215200.KQ,46850.0,yf_close(5m),2026-05-04T15:15:00+09:00,
tickers_indices_fill_korea,217600.KQ,,,,no_data
tickers_indices_fill_korea,218410.KQ,98000.0,yf_close(5m),2026-05-04T15:30:00+09:00,
tickers_indices_fill_korea,220630.KQ,,,,no_data
tickers_indices_fill_korea,221610.KQ,,,,no_data
tickers_indices_fill_korea,222810.KQ,,,,no_data
tickers_indices_fill_korea,225190.KQ,2190.0,yf_close(5m),2026-05-04T15:30:00+09:00,
tickers_indices_fill_korea,230360.KQ,16000.0,yf_close(5m),2026-05-04T15:15:00+09:00,
tickers_indices_fill_korea,235980.KQ,5240.0,yf_close(5m),2026-05-04T15:15:00+09:00,
tickers_indices_fill_korea,237690.KQ,153800.0,yf_close(5m),2026-05-04T15:15:00+09:00,
tickers_indices_fill_korea,251270.KQ,49650.0,yf_close(5m),2026-04-30T09:00:00+09:00,
tickers_indices_fill_korea,252330.KQ,,,,no_data
tickers_indices_fill_korea,253450.KQ,34800.0,yf_close(5m),2026-05-04T15:15:00+09:00,
tickers_indices_fill_korea,253840.KQ,5530.0,yf_close(5m),2026-05-04T15:30:00+09:00,
tickers_indices_fill_korea,256150.KQ,5410.0,yf_close(5m),2026-05-04T15:15:00+09:00,
tickers_indices_fill_korea,263050.KQ,,,,no_data
tickers_indices_fill_korea,263720.KQ,12120.0,yf_close(5m),2026-05-04T15:30:00+09:00,
tickers_indices_fill_korea,263750.KQ,58500.0,yf_close(5m),2026-05-04T15:30:00+09:00,
tickers_indices_fill_korea,267320.KQ,3500.0,yf_close(5m),2026-05-04T15:15:00+09:00,
tickers_indices_fill_korea,272210.KQ,117300.0,yf_close(5m),2026-04-30T09:00:00+09:00,
tickers_indices_fill_korea,272290.KQ,36200.0,yf_close(5m),2026-05-04T15:15:00+09:00,
tickers_indices_fill_korea,273060.KQ,1069.0,yf_close(5m),2026-05-04T15:15:00+09:00,
tickers_indices_fill_korea,287410.KQ,,,,no_data
tickers_indices_fill_korea,290130.KQ,,,,no_data
tickers_indices_fill_korea,290650.KQ,62500.0,yf_close(5m),2026-05-04T15:15:00+09:00,
tickers_indices_fill_korea,293490.KQ,11820.0,yf_close(5m),2026-05-04T15:30:00+09:00,
tickers_indices_fill_korea,294030.KQ,,,,no_data
tickers_leverage2x_korea,122630.KS,127765.0,yf_close(5m),2026-05-04T15:20:00+09:00,
tickers_leverage2x_korea,267770.KS,97935.0,yf_close(5m),2026-05-04T15:15:00+09:00,
tickers_leverage2x_korea,233740.KS,17085.0,yf_close(5m),2026-05-04T15:30:00+09:00,
tickers_leverage2x_korea,233160.KS,18940.0,yf_close(5m),2026-05-04T15:30:00+09:00,
tickers_leverage2x_korea,252670.KS,153.0,yf_close(5m),2026-05-04T15:15:00+09:00,
tickers_leverage2x_korea,251340.KS,1964.0,yf_close(5m),2026-05-04T15:15:00+09:00,
tickers_leverage2x_korea,409820.KS,18325.0,yf_close(5m),2026-05-04T15:30:00+09:00,
tickers_leverage2x_korea,488080.KS,65495.0,yf_close(5m),2026-05-04T15:15:00+09:00,
tickers_leverage2x_korea,494310.KS,111200.0,yf_close(5m),2026-05-04T15:15:00+09:00,
tickers_leverage2x_korea,091230.KS,136155.0,yf_close(5m),2026-05-04T15:30:00+09:00,
tickers_leverage2x_korea,396500.KS,42170.0,yf_close(5m),2026-05-04T15:15:00+09:00,
tickers_leverage2x_korea,469150.KS,61925.0,yf_close(5m),2026-05-04T15:15:00+09:00,
tickers_leverage2x_korea,395270.KS,49145.0,yf_close(5m),2026-05-04T15:15:00+09:00,
tickers_leverage2x_korea,475310.KS,36185.0,yf_close(5m),2026-05-04T15:15:00+09:00,
tickers_leverage2x_korea,091160.KS,130460.0,yf_close(5m),2026-05-04T15:15:00+09:00,
tickers_leverage2x_korea,395160.KS,34900.0,yf_close(5m),2026-05-04T15:15:00+09:00,
tickers_leverage2x_korea,471760.KS,22745.0,yf_close(5m),2026-05-04T15:15:00+09:00,
tickers_leverage2x_korea,471990.KS,32480.0,yf_close(5m),2026-05-04T15:15:00+09:00,
tickers_leverage2x_korea,381180.KS,40955.0,yf_close(5m),2026-05-04T15:30:00+09:00,
tickers_leverage2x_korea,390390.KS,51525.0,yf_close(5m),2026-05-04T15:15:00+09:00,
tickers_leverage2x_korea,069500.KS,105295.0,yf_close(5m),2026-05-04T15:15:00+09:00,
finviz_manual_korea,000660.KS,1449000.0,yf_close(5m),2026-05-04T15:15:00+09:00,
finviz_manual_korea,005930.KS,232500.0,yf_close(5m),2026-05-04T15:20:00+09:00,
finviz_manual_korea,005935.KS,169700.0,yf_close(5m),2026-05-04T15:15:00+09:00,
finviz_manual_korea,009150.KS,918000.0,yf_close(5m),2026-05-04T15:15:00+09:00,
finviz_manual_korea,011070.KS,592000.0,yf_close(5m),2026-05-04T15:15:00+09:00,
finviz_manual_korea,042700.KS,378000.0,yf_close(5m),2026-05-04T15:30:00+09:00,
finviz_manual_korea,039030.KQ,470500.0,yf_close(5m),2026-05-04T15:15:00+09:00,
finviz_manual_korea,058470.KQ,120300.0,yf_close(5m),2026-05-04T15:15:00+09:00,
finviz_manual_korea,089030.KQ,61300.0,yf_close(5m),2026-05-04T15:15:00+09:00,
finviz_manual_korea,222800.KQ,88200.0,yf_close(5m),2026-05-04T15:30:00+09:00,
finviz_manual_korea,240810.KQ,122500.0,yf_close(5m),2026-05-04T15:30:00+09:00,
finviz_manual_korea,403870.KQ,54300.0,yf_close(5m),2026-05-04T15:15:00+09:00,
finviz_manual_korea,066570.KS,143200.0,yf_close(5m),2026-05-04T15:30:00+09:00,
finviz_manual_korea,277810.KQ,685000.0,yf_close(5m),2026-05-04T15:15:00+09:00,
finviz_manual_korea,455900.KQ,30100.0,yf_close(5m),2026-05-04T15:15:00+09:00,
finviz_manual_korea,058610.KQ,129200.0,yf_close(5m),2026-05-04T15:15:00+09:00,
finviz_manual_korea,117730.KQ,22650.0,yf_close(5m),2026-05-04T15:15:00+09:00,
finviz_manual_korea,005380.KS,539000.0,yf_close(5m),2026-05-04T15:30:00+09:00,
finviz_manual_korea,000270.KS,153700.0,yf_close(5m),2026-05-04T15:15:00+09:00,
finviz_manual_korea,091160.KS,130460.0,yf_close(5m),2026-05-04T15:15:00+09:00,
finviz_manual_korea,091230.KS,136155.0,yf_close(5m),2026-05-04T15:30:00+09:00,
finviz_manual_korea,396500.KS,42170.0,yf_close(5m),2026-05-04T15:15:00+09:00,
finviz_manual_korea,488080.KS,65495.0,yf_close(5m),2026-05-04T15:15:00+09:00,
finviz_manual_korea,494310.KS,111200.0,yf_close(5m),2026-05-04T15:15:00+09:00,
finviz_manual_korea,469150.KS,61925.0,yf_close(5m),2026-05-04T15:15:00+09:00,
finviz_manual_korea,395270.KS,49145.0,yf_close(5m),2026-05-04T15:15:00+09:00,
finviz_manual_korea,395160.KS,34900.0,yf_close(5m),2026-05-04T15:15:00+09:00,
finviz_manual_korea,471990.KS,32480.0,yf_close(5m),2026-05-04T15:15:00+09:00,
finviz_manual_korea,471760.KS,22745.0,yf_close(5m),2026-05-04T15:15:00+09:00,
finviz_manual_korea,390390.KS,51525.0,yf_close(5m),2026-05-04T15:15:00+09:00,
finviz_manual_korea,381180.KS,40955.0,yf_close(5m),2026-05-04T15:30:00+09:00,
finviz_manual_korea,012450.KS,1464000.0,yf_close(5m),2026-05-04T15:15:00+09:00,
finviz_manual_korea,042660.KS,132900.0,yf_close(5m),2026-05-04T15:15:00+09:00,
finviz_manual_korea,329180.KS,680000.0,yf_close(5m),2026-05-04T15:15:00+09:00,
finviz_manual_korea,010140.KS,32250.0,yf_close(5m),2026-05-04T15:30:00+09:00,
finviz_manual_korea,034020.KS,127200.0,yf_close(5m),2026-05-04T15:15:00+09:00,
finviz_manual_korea,267260.KS,1299000.0,yf_close(5m),2026-05-04T15:30:00+09:00,
finviz_manual_korea,064350.KS,268500.0,yf_close(5m),2026-05-04T15:20:00+09:00,
finviz_manual_korea,079550.KS,983000.0,yf_close(5m),2026-05-04T15:30:00+09:00,
finviz_manual_korea,047810.KS,179800.0,yf_close(5m),2026-05-04T15:15:00+09:00,
finviz_manual_korea,015760.KS,44500.0,yf_close(5m),2026-05-04T15:30:00+09:00,
finviz_manual_korea,278470.KS,428500.0,yf_close(5m),2026-05-04T15:30:00+09:00,
finviz_manual_korea,090430.KS,134200.0,yf_close(5m),2026-05-04T15:15:00+09:00,
finviz_manual_korea,192820.KS,209000.0,yf_close(5m),2026-05-04T15:15:00+09:00,
finviz_manual_korea,161890.KS,88600.0,yf_close(5m),2026-05-04T15:20:00+09:00,
finviz_manual_korea,051900.KS,279500.0,yf_close(5m),2026-05-04T15:15:00+09:00,
finviz_manual_korea,003230.KS,1316000.0,yf_close(5m),2026-05-04T15:15:00+09:00,
finviz_manual_korea,097950.KS,241000.0,yf_close(5m),2026-05-04T15:30:00+09:00,
finviz_manual_korea,271560.KS,142500.0,yf_close(5m),2026-05-04T15:15:00+09:00,
finviz_manual_korea,282330.KS,132400.0,yf_close(5m),2026-05-04T15:30:00+09:00,
finviz_manual_korea,008770.KS,64700.0,yf_close(5m),2026-05-04T15:15:00+09:00,
finviz_manual_korea,207940.KS,1481000.0,yf_close(5m),2026-05-04T15:15:00+09:00,
finviz_manual_korea,068270.KS,197800.0,yf_close(5m),2026-05-04T15:15:00+09:00,
finviz_manual_korea,000100.KS,90500.0,yf_close(5m),2026-05-04T15:15:00+09:00,
finviz_manual_korea,326030.KS,99300.0,yf_close(5m),2026-05-04T15:30:00+09:00,
finviz_manual_korea,196170.KQ,373500.0,yf_close(5m),2026-05-04T15:15:00+09:00,
finviz_manual_korea,000250.KQ,410000.0,yf_close(5m),2026-05-04T15:15:00+09:00,
finviz_manual_korea,214150.KQ,56300.0,yf_close(5m),2026-05-04T15:30:00+09:00,
finviz_manual_korea,145720.KS,52700.0,yf_close(5m),2026-05-04T15:15:00+09:00,
finviz_manual_korea,035420.KS,208500.0,yf_close(5m),2026-05-04T15:15:00+09:00,
finviz_manual_korea,105560.KS,157900.0,yf_close(5m),2026-05-04T15:15:00+09:00,
finviz_manual_korea,055550.KS,98000.0,yf_close(5m),2026-05-04T15:30:00+09:00,
finviz_manual_korea,086790.KS,126100.0,yf_close(5m),2026-05-04T15:20:00+09:00,
finviz_manual_korea,051910.KS,429000.0,yf_close(5m),2026-05-04T15:15:00+09:00,
finviz_manual_korea,006400.KS,704000.0,yf_close(5m),2026-05-04T15:15:00+09:00,
finviz_manual_korea,003670.KS,267000.0,yf_close(5m),2026-05-04T15:30:00+09:00,
finviz_manual_korea,086520.KQ,155800.0,yf_close(5m),2026-05-04T15:30:00+09:00,
finviz_manual_korea,247540.KQ,215500.0,yf_close(5m),2026-05-04T15:15:00+09:00,
finviz_manual_korea,011170.KS,106200.0,yf_close(5m),2026-05-04T15:15:00+09:00,
finviz_manual_korea,009830.KS,49800.0,yf_close(5m),2026-05-04T15:15:00+09:00,
finviz_manual_korea,010060.KS,356000.0,yf_close(5m),2026-05-04T15:15:00+09:00,
finviz_manual_korea,112610.KS,69400.0,yf_close(5m),2026-05-04T15:15:00+09:00,
finviz_manual_korea,297090.KQ,8780.0,yf_close(5m),2026-05-04T15:15:00+09:00,
finviz_manual_korea,322000.KS,221000.0,yf_close(5m),2026-05-04T15:15:00+09:00,
finviz_manual_korea,307950.KS,446000.0,yf_close(5m),2026-05-04T15:30:00+09:00,
finviz_manual_korea,204320.KS,57900.0,yf_close(5m),2026-05-04T15:15:00+09:00,
finviz_manual_korea,305720.KS,22260.0,yf_close(5m),2026-05-04T15:15:00+09:00,
finviz_manual_korea,305540.KS,27730.0,yf_close(5m),2026-05-04T15:15:00+09:00,
finviz_manual_korea,445290.KS,35810.0,yf_close(5m),2026-05-04T15:15:00+09:00,
finviz_manual_korea,132030.KS,26065.0,yf_close(5m),2026-05-04T15:15:00+09:00,
finviz_manual_korea,411060.KS,30255.0,yf_close(5m),2026-05-04T15:15:00+09:00,
finviz_manual_korea,006800.KS,70300.0,yf_close(5m),2026-05-04T15:15:00+09:00,
finviz_manual_korea,016360.KS,137900.0,yf_close(5m),2026-05-04T15:15:00+09:00,
finviz_manual_korea,005940.KS,36350.0,yf_close(5m),2026-05-04T15:15:00+09:00,
finviz_manual_korea,071050.KS,262000.0,yf_close(5m),2026-05-04T15:15:00+09:00,
finviz_manual_korea,316140.KS,33300.0,yf_close(5m),2026-05-04T15:30:00+09:00,
finviz_manual_korea,024110.KS,22100.0,yf_close(5m),2026-05-04T15:30:00+09:00,
finviz_manual_korea,000810.KS,472500.0,yf_close(5m),2026-05-04T15:15:00+09:00,
finviz_manual_korea,003550.KS,102100.0,yf_close(5m),2026-05-04T15:15:00+09:00,
finviz_manual_korea,034730.KS,475500.0,yf_close(5m),2026-05-04T15:30:00+09:00,
finviz_manual_korea,000880.KS,139900.0,yf_close(5m),2026-05-04T15:30:00+09:00,
finviz_manual_korea,028260.KS,319500.0,yf_close(5m),2026-05-04T15:15:00+09:00,
finviz_manual_korea,000720.KS,159000.0,yf_close(5m),2026-05-04T15:15:00+09:00,
finviz_manual_korea,006360.KS,35950.0,yf_close(5m),2026-05-04T15:15:00+09:00,
finviz_manual_korea,047040.KS,32100.0,yf_close(5m),2026-05-04T15:15:00+09:00,
finviz_manual_korea,298040.KS,4228000.0,yf_close(5m),2026-05-04T15:30:00+09:00,
finviz_manual_korea,357780.KS,458000.0,yf_close(5m),2026-04-30T09:00:00+09:00,
finviz_manual_korea,060280.KQ,16240.0,yf_close(5m),2026-05-04T15:15:00+09:00,
finviz_manual_korea,003490.KS,24500.0,yf_close(5m),2026-05-04T15:30:00+09:00,
finviz_manual_korea,020560.KS,7050.0,yf_close(5m),2026-05-04T15:15:00+09:00,
finviz_manual_korea,272450.KS,6330.0,yf_close(5m),2026-05-04T15:15:00+09:00,
finviz_manual_korea,089590.KS,5340.0,yf_close(5m),2026-05-04T15:15:00+09:00,
finviz_manual_korea,298690.KS,2020.0,yf_close(5m),2026-05-04T15:15:00+09:00,
finviz_manual_korea,091810.KS,913.0,yf_close(5m),2026-05-04T15:15:00+09:00,
finviz_manual_korea,039130.KQ,41850.0,yf_close(5m),2026-04-30T09:00:00+09:00,
finviz_manual_korea,080160.KQ,11460.0,yf_close(5m),2026-05-04T15:15:00+09:00,
finviz_manual_korea,094850.KQ,5490.0,yf_close(5m),2026-05-04T15:30:00+09:00,
finviz_manual_korea,114090.KS,12380.0,yf_close(5m),2026-05-04T15:30:00+09:00,
finviz_manual_korea,034230.KQ,,,,no_data
finviz_manual_korea,069960.KS,111700.0,yf_close(5m),2026-05-04T15:30:00+09:00,
finviz_manual_korea,023530.KS,138100.0,yf_close(5m),2026-05-04T15:15:00+09:00,
finviz_manual_korea,004170.KS,409500.0,yf_close(5m),2026-05-04T15:15:00+09:00,
finviz_manual_korea,383220.KS,76600.0,yf_close(5m),2026-05-04T15:30:00+09:00,
finviz_manual_korea,259960.KS,288500.0,yf_close(5m),2026-05-04T15:30:00+09:00,
finviz_manual_korea,241560.KQ,72000.0,yf_close(5m),2026-04-30T09:00:00+09:00,
finviz_manual_korea,005385.KS,249000.0,yf_close(5m),2026-05-04T15:30:00+09:00,
finviz_manual_korea,373220.KS,472000.0,yf_close(5m),2026-05-04T15:30:00+09:00,
finviz_manual_korea,353200.KQ,112800.0,yf_close(5m),2026-04-30T09:00:00+09:00,
finviz_manual_korea,195870.KS,79500.0,yf_close(5m),2026-05-04T15:15:00+09:00,
finviz_manual_korea,005387.KS,250000.0,yf_close(5m),2026-05-04T15:15:00+09:00,
finviz_manual_korea,005389.KS,241000.0,yf_close(5m),2026-05-04T15:15:00+09:00,
finviz_manual_korea,051915.KS,196400.0,yf_close(5m),2026-05-04T15:15:00+09:00,
finviz_manual_korea,006405.KS,355500.0,yf_close(5m),2026-05-04T15:15:00+09:00,
finviz_manual_korea,078935.KS,57100.0,yf_close(5m),2026-05-04T15:30:00+09:00,
finviz_manual_korea,003555.KS,72300.0,yf_close(5m),2026-05-04T15:15:00+09:00,
finviz_manual_korea,005945.KS,28300.0,yf_close(5m),2026-05-04T15:15:00+09:00,
finviz_manual_korea,071055.KS,182900.0,yf_close(5m),2026-05-04T15:15:00+09:00,
finviz_manual_korea,000815.KS,372500.0,yf_close(5m),2026-05-04T15:15:00+09:00,
finviz_manual_korea,010955.KS,59600.0,yf_close(5m),2026-05-04T15:15:00+09:00,
finviz_manual_korea,000885.KS,,,,no_data
finviz_manual_korea,001045.KS,90100.0,yf_close(5m),2026-05-04T15:15:00+09:00,
finviz_manual_korea,087010.KS,260500.0,yf_close(5m),2026-04-30T09:00:00+09:00,
finviz_manual_korea,036010.KQ,12180.0,yf_close(5m),2026-05-04T15:15:00+09:00,
finviz_manual_korea,0167A0.KS,15615.0,yf_close(5m),2026-05-04T15:30:00+09:00,
finviz_manual_korea,005290.KQ,58800.0,yf_close(5m),2026-05-04T15:15:00+09:00,
finviz_manual_korea,377300.KS,55900.0,yf_close(5m),2026-05-04T15:15:00+09:00,
finviz_manual_korea,353200.KS,114400.0,yf_close(5m),2026-05-04T15:15:00+09:00,
finviz_manual_korea,119850.KQ,37050.0,yf_close(5m),2026-05-04T15:30:00+09:00,
finviz_manual_korea,425040.KQ,19790.0,yf_close(5m),2026-05-04T15:15:00+09:00,
finviz_manual_korea,417500.KQ,4810.0,yf_close(5m),2026-05-04T15:15:00+09:00,
finviz_manual_korea,003160.KS,33750.0,yf_close(5m),2026-05-04T15:15:00+09:00,
finviz_manual_korea,200710.KQ,53900.0,yf_close(5m),2026-05-04T15:15:00+09:00,
finviz_manual_korea,226950.KQ,174100.0,yf_close(5m),2026-05-04T15:15:00+09:00,
finviz_manual_korea,347850.KQ,74900.0,yf_close(5m),2026-05-04T15:30:00+09:00,
finviz_manual_korea,214450.KQ,338000.0,yf_close(5m),2026-05-04T15:15:00+09:00,
finviz_manual_korea,319400.KQ,32450.0,yf_close(5m),2026-05-04T15:30:00+09:00,
finviz_manual_korea,083650.KQ,99100.0,yf_close(5m),2026-05-04T15:15:00+09:00,
finviz_manual_korea,357780.KQ,458500.0,yf_close(5m),2026-05-04T15:30:00+09:00,
finviz_manual_korea,108490.KQ,313500.0,yf_close(5m),2026-05-04T15:15:00+09:00,
finviz_manual_korea,090710.KQ,12510.0,yf_close(5m),2026-05-04T15:15:00+09:00,
finviz_manual_korea,049950.KQ,16390.0,yf_close(5m),2026-05-04T15:15:00+09:00,
finviz_manual_korea,348340.KQ,67600.0,yf_close(5m),2026-05-04T15:15:00+09:00,
finviz_manual_korea,270660.KQ,19140.0,yf_close(5m),2026-05-04T15:30:00+09:00,
finviz_manual_korea,160190.KQ,45400.0,yf_close(5m),2026-05-04T15:15:00+09:00,
finviz_manual_korea,388720.KQ,104000.0,yf_close(5m),2026-05-04T15:15:00+09:00,
finviz_manual_korea,028300.KQ,61400.0,yf_close(5m),2026-05-04T15:15:00+09:00,
finviz_manual_korea,141080.KQ,181500.0,yf_close(5m),2026-05-04T15:20:00+09:00,
finviz_manual_korea,298380.KQ,132500.0,yf_close(5m),2026-05-04T15:30:00+09:00,
finviz_manual_korea,310210.KQ,292000.0,yf_close(5m),2026-05-04T15:30:00+09:00,
finviz_manual_korea,066970.KQ,,,,no_data
finviz_manual_korea,078600.KQ,157300.0,yf_close(5m),2026-05-04T15:15:00+09:00,
finviz_manual_korea,121600.KQ,84500.0,yf_close(5m),2026-05-04T15:30:00+09:00,
finviz_manual_korea,278280.KQ,65500.0,yf_close(5m),2026-05-04T15:15:00+09:00,
finviz_manual_korea,365340.KQ,79800.0,yf_close(5m),2026-05-04T15:30:00+09:00,
finviz_manual_korea,383310.KQ,32850.0,yf_close(5m),2026-05-04T15:30:00+09:00,
finviz_manual_korea,393890.KQ,19700.0,yf_close(5m),2026-05-04T15:30:00+09:00,
finviz_manual_korea,010120.KS,293750.0,yf_close(5m),2026-05-04T15:15:00+09:00,
finviz_manual_korea,017800.KS,100000.0,yf_close(5m),2026-05-04T15:15:00+09:00,
