ticker,price,gap_pct,rsi14,sma10,sma40,sma50,sma200,px_vs_sma10,px_vs_sma40,px_vs_sma50,px_vs_sma200,sma10_slope,sma40_slope,weekly_up,weekly_r1,weekly_s1,room_to_weekly_r1_pct,daily_break_level,daily_breakout,daily_retest,in_daily_box_middle,grade,score
IYZ,42.49,0.0,60.6,42.17,40.75,40.51,34.77,0.75,4.28,4.88,22.22,DN,UP,True,43.63,38.46,2.68,43.63,False,True,False,A,9.0
VLO,251.63,0.0,62.18,241.83,238.79,233.35,183.61,4.05,5.38,7.84,37.04,UP,UP,True,258.43,214.71,2.7,258.43,False,True,False,A,9.0
MET,78.95,0.0,63.95,78.24,73.23,73.35,77.38,0.91,7.8,7.64,2.02,UP,UP,False,81.67,67.33,3.45,81.08,False,True,False,A,8.0
EPD,38.67,0.0,65.57,38.17,37.77,37.56,33.46,1.32,2.38,2.97,15.58,UP,UP,True,39.74,36.18,2.77,39.74,False,True,False,A,7.0
ATO,187.77,0.0,49.26,186.34,186.09,185.8,173.22,0.77,0.9,1.06,8.4,UP,UP,True,192.51,181.32,2.52,192.51,False,True,False,A,6.0
TXN,280.89,0.0,80.07,267.55,217.88,215.86,193.33,4.98,28.92,30.12,45.29,UP,UP,True,287.83,184.9,2.47,287.83,False,True,False,A,3.0
TROW,103.08,0.0,78.33,100.99,93.19,93.29,101.23,2.07,10.62,10.5,1.83,UP,UP,False,109.46,85.22,6.19,104.14,False,True,False,A,2.0
NTAP,110.94,0.0,77.4,109.91,103.2,102.6,108.95,0.94,7.5,8.13,1.82,UP,UP,False,113.78,94.89,2.56,113.78,False,True,False,A,1.0
IYR,101.63,0.0,55.15,101.52,98.31,98.78,96.71,0.1,3.38,2.88,5.09,DN,UP,True,103.32,92.45,1.66,103.32,False,True,False,B,9.0
ROST,226.02,0.0,56.28,226.46,218.89,216.18,177.81,-0.2,3.26,4.55,27.11,UP,UP,True,230.44,194.07,1.96,230.44,False,True,False,B,9.0
JCI,144.4,0.0,55.37,142.5,136.9,137.81,120.08,1.33,5.48,4.78,20.26,UP,UP,True,146.49,125.91,1.45,146.9,False,True,False,B,8.0
LNT,73.68,0.0,58.98,72.51,71.94,71.92,67.76,1.61,2.42,2.45,8.73,UP,UP,True,74.4,70.61,0.98,75.76,False,True,False,B,8.0
ETR,116.4,0.0,52.48,114.13,110.59,109.64,97.43,1.99,5.25,6.17,19.47,UP,UP,True,117.81,109.62,1.21,118.45,False,True,False,B,8.0
IBKR,81.72,0.0,62.88,78.41,72.13,71.86,68.55,4.23,13.29,13.71,19.21,DN,UP,True,82.88,63.02,1.42,82.88,False,True,False,B,8.0
GL,152.65,0.0,66.25,152.56,144.8,144.68,139.73,0.06,5.42,5.51,9.25,UP,UP,True,155.08,135.07,1.59,155.08,False,True,False,B,7.0
CCI,90.18,0.0,59.08,86.85,85.19,85.95,91.81,3.84,5.85,4.92,-1.78,UP,DN,False,91.95,75.96,1.96,91.95,False,True,False,B,6.0
EQR,65.24,0.0,68.69,63.71,61.09,61.51,62.51,2.39,6.8,6.06,4.37,UP,UP,False,66.21,57.57,1.49,66.5,False,True,False,B,4.0
MPC,252.54,0.0,73.17,233.62,232.38,227.19,193.63,8.1,8.67,11.16,30.42,UP,UP,True,255.77,210.64,1.28,255.77,False,True,False,B,2.0
SNPS,497.5,0.0,74.79,483.53,433.6,433.08,479.03,2.89,14.74,14.87,3.86,UP,UP,False,502.28,379.5,0.96,502.28,False,True,False,B,0.0
CCJ,118.26,0.0,52.11,120.47,114.25,115.07,97.68,-1.83,3.51,2.77,21.07,DN,UP,True,131.21,100.11,10.95,131.21,False,False,True,C,9.0
GSM,4.69,0.0,60.0,4.58,4.36,4.49,4.56,2.4,7.65,4.44,2.82,UP,DN,True,5.66,3.69,20.68,5.66,False,False,True,C,9.0
LNG,272.85,0.0,62.3,264.4,268.42,262.37,229.25,3.2,1.65,3.99,19.02,UP,UP,True,300.89,246.44,10.28,300.89,False,False,False,C,9.0
WMT,130.33,0.0,64.72,129.86,125.82,125.87,112.55,0.36,3.58,3.54,15.8,UP,UP,True,134.69,118.02,3.35,134.69,False,False,False,C,9.0
GEV,1073.95,0.0,62.57,1091.02,947.19,927.88,711.2,-1.56,13.38,15.74,51.0,UP,UP,True,1181.95,807.0,10.06,1181.95,False,False,False,C,9.0
COP,124.91,0.0,59.36,123.71,124.37,122.31,101.57,0.97,0.44,2.12,22.97,UP,UP,True,135.87,112.21,8.77,135.87,False,False,False,C,9.0
LYB,76.04,0.0,55.51,72.54,73.76,70.94,55.31,4.82,3.09,7.19,37.47,UP,UP,True,83.94,65.76,10.39,83.94,False,False,False,C,9.0
NXT,116.93,0.0,51.78,117.94,116.18,114.53,92.88,-0.86,0.65,2.09,25.89,UP,UP,True,128.99,103.73,10.31,131.72,False,False,True,C,9.0
LUNR,25.35,0.0,55.83,26.27,22.18,21.29,14.79,-3.52,14.29,19.08,71.36,DN,UP,True,31.15,15.85,22.88,31.15,False,False,False,C,9.0
PL,38.54,0.0,61.34,36.82,32.82,31.26,18.6,4.67,17.43,23.28,107.15,DN,UP,True,41.71,19.98,8.23,41.71,False,False,False,C,9.0
ALB,190.69,0.0,50.38,193.27,180.14,179.34,130.53,-1.33,5.86,6.33,46.09,DN,UP,True,215.71,154.69,13.12,215.71,False,False,True,C,9.0
SQM,89.75,0.0,51.25,89.47,82.74,81.01,61.95,0.31,8.48,10.79,44.86,UP,UP,True,95.46,65.65,6.36,95.46,False,False,False,C,9.0
MS,188.01,0.0,56.92,189.35,173.48,172.32,165.98,-0.71,8.37,9.1,13.27,UP,UP,True,194.59,152.8,3.5,194.59,False,False,False,C,9.0
IRDM,39.89,0.0,58.87,39.28,32.64,30.88,22.83,1.56,22.19,29.16,74.7,DN,UP,True,44.36,18.44,11.21,44.36,False,False,False,C,9.0
ABNB,138.86,0.0,60.15,141.28,133.28,133.1,128.35,-1.71,4.19,4.33,8.19,DN,UP,True,147.25,121.51,6.04,147.25,False,False,False,C,9.0
RKLB,80.31,0.0,57.72,82.05,73.21,72.67,62.24,-2.12,9.7,10.51,29.02,DN,UP,True,93.1,56.13,15.93,93.1,False,False,False,C,9.0
DOV,220.86,0.0,52.47,223.51,214.67,216.43,194.73,-1.18,2.88,2.05,13.42,UP,UP,True,232.71,200.63,5.37,237.54,False,False,True,C,9.0
BATT,16.66,0.0,50.45,16.69,15.58,15.61,13.68,-0.19,6.91,6.7,21.75,DN,UP,True,17.2,13.68,3.24,17.2,False,False,False,C,9.0
OXY,60.27,0.0,64.76,58.45,59.11,57.86,47.23,3.11,1.97,4.16,27.62,UP,UP,True,67.45,51.96,11.91,67.45,False,False,False,C,9.0
RRC,43.0,0.0,63.8,42.75,43.36,42.78,37.84,0.59,-0.82,0.51,13.64,UP,UP,True,48.31,40.27,12.35,48.31,False,False,True,C,9.0
CNQ,47.58,0.0,57.79,45.95,47.16,46.5,36.34,3.56,0.89,2.32,30.94,UP,UP,True,51.34,42.1,7.9,51.34,False,False,False,C,9.0
AFL,113.33,0.0,55.97,114.75,111.14,111.41,109.53,-1.24,1.97,1.72,3.47,DN,UP,True,119.32,105.76,5.29,118.71,False,False,True,C,9.0
BIIB,187.21,0.0,58.13,187.03,183.34,184.62,164.74,0.1,2.11,1.41,13.64,UP,UP,True,202.41,168.64,8.12,202.41,False,False,True,C,9.0
BK,131.88,0.0,53.7,134.36,124.76,123.42,113.77,-1.84,5.71,6.85,15.92,DN,UP,True,139.15,111.71,5.51,139.15,False,False,False,C,9.0
BG,127.62,0.0,59.67,125.89,124.52,123.36,100.36,1.37,2.49,3.45,27.16,UP,UP,True,131.93,117.74,3.38,131.93,False,False,False,C,9.0
CVNA,376.55,0.0,50.97,399.45,341.76,339.01,368.29,-5.73,10.18,11.07,2.24,UP,UP,True,486.89,272.32,29.3,419.85,False,False,False,C,9.0
CNP,43.32,0.0,53.42,42.92,43.04,43.09,39.94,0.94,0.66,0.53,8.46,UP,DN,True,44.47,42.03,2.65,44.47,False,True,True,C,9.0
CF,125.89,0.0,56.78,123.58,124.53,120.15,94.41,1.87,1.09,4.77,33.34,UP,UP,True,141.96,109.71,12.77,141.96,False,False,False,C,9.0
COHR,329.89,0.0,56.47,327.76,284.69,280.25,179.63,0.65,15.88,17.71,83.65,DN,UP,True,364.8,215.55,10.58,364.8,False,False,False,C,9.0
CSX,44.72,0.0,62.83,44.88,41.8,41.88,37.3,-0.35,6.98,6.79,19.88,UP,UP,True,46.55,37.88,4.09,46.55,False,False,False,C,9.0
DVA,154.08,0.0,57.29,152.22,151.12,151.34,132.94,1.22,1.96,1.81,15.9,UP,UP,True,159.42,143.07,3.47,159.42,False,False,False,C,9.0
DLR,198.51,0.0,55.14,198.78,187.37,185.55,171.42,-0.13,5.94,6.98,15.8,DN,UP,True,208.14,172.91,4.85,208.14,False,False,False,C,9.0
DOW,40.58,0.0,55.48,39.13,38.54,37.08,27.79,3.7,5.31,9.43,46.01,UP,UP,True,42.74,34.8,5.32,42.74,False,False,False,C,9.0
EW,83.33,0.0,63.24,82.29,81.66,82.2,81.09,1.27,2.05,1.37,2.76,UP,UP,True,87.32,77.1,4.79,87.32,False,False,True,C,9.0
EQIX,1083.2,0.0,58.74,1092.7,1022.74,1009.75,848.04,-0.87,5.91,7.27,27.73,DN,UP,True,1128.68,918.28,4.2,1128.68,False,False,False,C,9.0
FTV,60.08,0.0,52.5,60.85,57.69,57.8,53.19,-1.27,4.14,3.95,12.95,DN,UP,True,62.42,53.48,3.89,62.81,False,False,False,C,9.0
GD,349.08,0.0,56.9,328.23,342.59,345.49,338.91,6.35,1.9,1.04,3.0,UP,DN,True,366.75,337.32,5.06,366.75,False,False,False,C,9.0
JBHT,238.34,0.0,55.79,248.68,223.37,223.96,184.03,-4.16,6.7,6.42,29.51,UP,UP,True,256.18,193.94,7.49,256.18,False,False,False,C,9.0
KEY,21.66,0.0,50.55,21.9,20.68,20.71,19.66,-1.08,4.72,4.56,10.2,DN,UP,True,22.55,18.73,4.11,23.35,False,False,True,C,9.0
MAS,68.49,0.0,58.02,72.17,64.34,65.45,67.64,-5.1,6.45,4.65,1.26,UP,UP,True,76.1,58.16,11.11,79.19,False,False,True,C,9.0
NDSN,280.42,0.0,51.68,282.6,273.27,276.27,248.43,-0.77,2.62,1.5,12.88,UP,UP,True,305.28,253.85,8.87,305.28,False,False,True,C,9.0
NSC,311.66,0.0,60.84,313.28,296.65,300.06,291.22,-0.52,5.06,3.87,7.02,UP,UP,True,323.37,277.9,3.76,323.37,False,False,False,C,9.0
NTRS,161.24,0.0,57.25,166.06,149.19,148.01,137.59,-2.9,8.07,8.94,17.19,UP,UP,True,173.19,132.77,7.41,173.19,False,False,False,C,9.0
PLD,138.76,0.0,50.82,141.03,136.02,136.85,125.36,-1.61,2.01,1.39,10.69,DN,UP,True,145.44,127.29,4.81,145.44,False,False,True,C,9.0
STT,148.08,0.0,60.57,151.81,135.24,133.65,123.11,-2.46,9.49,10.8,20.28,UP,UP,True,156.18,116.15,5.47,156.18,False,False,False,C,9.0
TRV,301.53,0.0,52.74,304.06,299.27,300.95,284.25,-0.83,0.76,0.19,6.08,UP,DN,True,313.12,284.66,3.84,313.12,False,False,True,C,9.0
UNP,263.41,0.0,61.26,264.13,249.7,252.54,235.17,-0.27,5.49,4.3,12.01,UP,UP,True,274.79,231.72,4.32,274.79,False,False,False,C,9.0
XOM,153.69,0.0,59.08,151.15,155.99,154.95,128.04,1.68,-1.47,-0.81,20.03,UP,UP,True,176.41,141.97,14.78,176.41,False,False,False,C,8.0
CVX,192.28,0.0,58.69,188.67,194.65,193.11,166.74,1.91,-1.22,-0.43,15.32,UP,UP,True,214.71,177.74,11.67,214.71,False,False,True,C,8.0
MGM,38.24,0.0,60.33,39.21,37.51,37.21,35.61,-2.47,1.95,2.76,7.39,DN,UP,True,39.25,33.45,2.64,40.94,False,False,True,C,8.0
EQT,59.08,0.0,62.59,58.85,61.33,61.19,56.14,0.39,-3.67,-3.45,5.23,UP,DN,True,68.24,56.26,15.5,68.24,False,False,False,C,8.0
KMI,32.47,0.0,59.62,31.93,32.75,32.86,28.96,1.69,-0.85,-1.19,12.13,UP,DN,True,34.73,26.24,6.96,34.73,False,False,True,C,8.0
AEE,112.39,0.0,51.67,111.74,110.94,111.16,104.47,0.58,1.31,1.11,7.58,UP,UP,True,115.53,108.51,2.79,115.59,False,False,True,C,8.0
AIZ,229.12,0.0,61.07,231.6,222.09,223.13,220.54,-1.07,3.16,2.68,3.89,UP,UP,True,235.5,210.44,2.78,246.31,False,False,True,C,8.0
EVRG,82.08,0.0,50.77,81.55,81.78,82.09,76.5,0.65,0.36,-0.01,7.29,UP,DN,True,85.27,79.21,3.89,85.27,False,False,True,C,8.0
HAS,93.97,0.0,52.34,94.27,93.0,94.03,84.53,-0.32,1.04,-0.06,11.17,DN,DN,True,99.2,87.82,5.57,106.98,False,False,False,C,8.0
SO,95.99,0.0,50.12,94.23,95.69,95.89,92.72,1.87,0.31,0.1,3.52,UP,DN,True,98.49,91.6,2.6,99.58,False,False,True,C,8.0
VZ,47.57,0.0,62.14,47.05,48.56,48.89,43.85,1.1,-2.04,-2.7,8.48,UP,DN,True,51.68,44.27,8.64,51.68,False,False,True,C,8.0
XEL,81.17,0.0,54.41,80.02,80.1,80.73,77.45,1.43,1.34,0.55,4.8,UP,DN,True,83.18,77.35,2.48,84.23,False,False,True,C,8.0
DIG,62.01,0.0,68.64,58.83,60.07,59.14,43.09,5.4,3.22,4.84,43.9,UP,UP,True,71.52,50.2,15.35,71.52,False,False,True,C,7.0
ERX,95.98,0.0,68.64,90.9,92.96,91.53,66.65,5.59,3.25,4.87,44.01,UP,UP,True,110.78,77.62,15.42,110.78,False,False,True,C,7.0
XLE,59.39,0.0,69.2,57.77,58.24,57.77,48.62,2.81,1.98,2.81,22.16,UP,UP,True,63.46,53.41,6.85,63.46,False,False,True,C,7.0
AVGO,416.5,0.0,66.18,414.62,357.87,351.15,340.74,0.45,16.38,18.61,22.23,UP,UP,True,429.31,289.96,3.08,429.31,False,False,False,C,7.0
ANET,172.62,0.0,67.51,172.45,146.64,143.59,137.87,0.1,17.71,20.22,25.2,UP,UP,True,179.8,115.42,4.16,179.8,False,False,False,C,7.0
LLY,967.93,0.0,58.04,908.55,928.37,946.82,912.37,6.54,4.26,2.23,6.09,UP,DN,False,1114.0,877.11,15.09,1106.94,False,False,True,C,7.0
PM,169.19,0.0,60.08,164.07,163.91,167.5,164.18,3.12,3.22,1.01,3.05,UP,DN,False,191.3,153.18,13.07,191.3,False,False,True,C,7.0
CZR,27.41,0.0,57.52,27.75,27.12,26.48,24.45,-1.22,1.07,3.5,12.11,UP,UP,False,28.8,24.94,5.07,30.88,False,False,False,C,7.0
DRLL,37.94,0.0,67.12,36.76,37.36,36.93,31.12,3.19,1.56,2.72,21.91,UP,UP,True,41.03,33.73,8.13,41.03,False,False,True,C,7.0
EOG,141.61,0.0,65.18,136.17,137.48,135.2,117.96,4.0,3.0,4.74,20.05,UP,UP,True,151.87,124.31,7.25,151.87,False,False,False,C,7.0
APA,42.02,0.0,68.86,39.23,38.62,36.99,27.05,7.1,8.79,13.61,55.33,UP,UP,True,45.66,33.43,8.66,45.66,False,False,False,C,7.0
PBF,45.53,0.0,67.15,42.0,43.73,42.76,33.34,8.4,4.13,6.48,36.56,UP,DN,True,52.18,36.12,14.61,52.18,False,False,False,C,7.0
XYZ,71.9,0.0,64.74,71.03,64.38,63.47,68.22,1.22,11.69,13.29,5.4,UP,UP,False,75.23,55.86,4.63,75.23,False,False,False,C,7.0
CARR,65.89,0.0,52.97,63.12,59.48,60.0,60.08,4.39,10.77,9.82,9.66,UP,UP,False,68.33,53.77,3.7,69.04,False,False,False,C,7.0
IEX,214.33,0.0,61.63,209.7,197.79,199.64,181.45,2.21,8.36,7.36,18.12,UP,UP,True,217.16,183.0,1.32,223.85,False,False,False,C,7.0
IVZ,26.04,0.0,65.49,25.65,24.27,24.55,24.27,1.51,7.28,6.07,7.29,UP,UP,True,29.61,21.82,13.71,27.79,False,False,False,C,7.0
MPWR,1573.3,0.0,68.07,1566.39,1272.12,1245.22,1019.92,0.44,23.68,26.35,54.26,UP,UP,True,1661.79,996.01,5.62,1661.79,False,False,False,C,7.0
MSCI,582.27,0.0,67.33,594.26,559.69,560.47,563.27,-2.02,4.03,3.89,3.37,UP,UP,True,621.29,520.0,6.7,621.29,False,False,False,C,7.0
OKE,90.63,0.0,68.31,88.58,87.82,87.2,77.46,2.32,3.2,3.93,17.0,UP,UP,True,95.3,81.25,5.15,95.3,False,False,False,C,7.0
PKG,218.06,0.0,57.61,214.44,212.03,215.49,211.18,1.69,2.84,1.19,3.26,UP,DN,False,249.51,201.56,14.42,249.51,False,False,False,C,7.0
SWK,74.87,0.0,54.61,77.02,72.34,74.58,74.67,-2.8,3.5,0.39,0.27,UP,DN,False,93.37,65.76,24.71,93.37,False,False,False,C,7.0
TGT,127.76,0.0,67.85,129.33,122.01,120.99,103.62,-1.21,4.71,5.59,23.29,UP,UP,True,133.1,116.83,4.18,133.1,False,False,False,C,7.0
VRSN,274.15,0.0,56.22,271.19,258.36,252.24,256.37,1.09,6.11,8.69,6.94,DN,UP,False,282.53,253.51,3.06,282.53,False,False,False,C,7.0
SHEL,89.26,0.0,43.77,88.89,90.37,88.79,77.37,0.42,-1.23,0.53,15.36,UP,UP,True,94.9,86.0,6.32,94.9,False,False,False,C,6.0
VRT,330.97,0.0,59.39,318.42,283.96,277.56,193.0,3.94,16.56,19.24,71.49,UP,UP,True,189.66,231.7,-42.7,332.87,False,True,False,C,6.0
SMCI,27.92,0.0,52.88,27.73,26.6,27.65,37.64,0.7,4.97,0.96,-25.82,DN,DN,False,29.94,19.48,7.23,34.7,False,False,False,C,6.0
AMAT,391.38,0.0,47.88,396.23,371.03,369.77,270.34,-1.22,5.48,5.84,44.78,DN,UP,True,420.5,320.69,7.44,420.5,False,False,False,C,6.0
KLAC,1713.32,0.0,42.31,1806.3,1623.2,1594.88,1264.53,-5.15,5.55,7.43,35.49,DN,UP,True,1939.36,1374.43,13.19,1939.36,False,False,False,C,6.0
LRCX,258.57,0.0,41.54,258.29,239.4,237.4,175.03,0.11,8.01,8.92,47.73,DN,UP,True,275.84,198.6,6.68,275.84,False,False,False,C,6.0
TER,337.44,0.0,43.7,369.9,333.64,330.05,210.64,-8.77,1.14,2.24,60.2,DN,UP,True,422.11,273.07,25.09,422.11,False,False,True,C,6.0
MSFT,413.62,0.0,59.42,421.18,395.65,396.44,467.51,-1.8,4.54,4.33,-11.53,DN,UP,False,433.7,356.28,4.85,433.7,False,False,False,C,6.0
JPM,307.65,0.0,45.69,311.17,299.72,299.47,304.95,-1.13,2.65,2.73,0.89,DN,UP,True,320.24,279.1,4.09,326.4,False,False,True,C,6.0
CEG,321.05,0.0,60.37,303.09,297.09,301.9,327.15,5.93,8.07,6.34,-1.86,UP,DN,False,333.8,264.74,3.97,333.8,False,False,False,C,6.0
ROK,400.31,0.0,46.66,405.22,381.73,384.51,376.24,-1.21,4.87,4.11,6.4,DN,UP,True,421.03,347.53,5.18,425.0,False,False,False,C,6.0
CL,85.37,0.0,53.43,84.48,85.71,87.83,83.86,1.05,-0.4,-2.8,1.81,UP,DN,False,99.33,81.79,16.35,99.33,False,False,False,C,6.0
COIN,202.99,0.0,59.05,195.44,189.15,188.17,263.07,3.86,7.32,7.87,-22.84,DN,DN,False,216.05,158.46,6.43,216.05,False,False,False,C,6.0
FSLR,211.39,0.0,58.68,197.42,196.02,198.18,222.09,7.08,7.84,6.66,-4.82,UP,UP,False,250.99,185.13,18.73,250.99,False,False,True,C,6.0
SYM,57.0,0.0,51.02,59.7,54.94,54.79,58.58,-4.53,3.74,4.04,-2.7,DN,UP,False,67.08,47.18,17.68,67.08,False,False,True,C,6.0
TSLA,392.51,0.0,63.86,381.64,378.12,383.33,402.86,2.85,3.81,2.4,-2.57,DN,DN,False,409.28,337.24,4.27,436.35,False,False,True,C,6.0
LYFT,14.06,0.0,53.9,14.31,13.73,13.69,17.42,-1.77,2.44,2.72,-19.27,DN,UP,False,15.34,12.46,9.1,17.1,False,False,False,C,6.0
ARRY,7.66,0.0,53.65,7.85,7.33,7.54,8.42,-2.41,4.48,1.62,-9.02,UP,UP,False,8.41,6.51,9.74,12.23,False,False,False,C,6.0
SPIR,17.45,0.0,34.7,17.27,15.4,14.14,11.07,1.05,13.3,23.39,57.6,DN,UP,True,23.59,8.3,35.19,23.59,False,False,False,C,6.0
SATL,7.06,0.0,47.48,6.67,5.7,5.2,3.52,5.86,23.88,35.9,100.41,DN,UP,True,8.35,2.87,18.27,8.35,False,False,False,C,6.0
GSAT,81.46,0.0,63.29,81.51,70.8,68.78,52.87,-0.06,15.06,18.44,54.07,UP,UP,True,65.02,53.67,-20.18,82.85,False,True,False,C,6.0
QS,7.19,0.0,57.08,7.15,6.79,6.81,10.31,0.52,5.91,5.52,-30.29,UP,UP,False,9.66,5.9,34.31,9.66,False,False,False,C,6.0
SLDP,3.46,0.0,59.75,3.56,3.21,3.26,4.42,-2.84,7.8,6.13,-21.74,UP,UP,False,4.18,2.75,20.81,4.18,False,False,True,C,6.0
ENVX,6.75,0.0,58.16,6.63,5.73,5.68,8.55,1.89,17.72,18.74,-21.07,UP,UP,False,7.07,4.61,4.81,7.07,False,False,False,C,6.0
GS,903.27,0.0,48.08,924.03,868.91,870.18,832.24,-2.25,3.95,3.8,8.53,DN,UP,True,952.01,780.5,5.4,968.39,False,False,False,C,6.0
BAC,52.19,0.0,41.47,52.82,50.41,50.41,51.46,-1.19,3.53,3.54,1.43,DN,UP,True,55.4,46.12,6.15,56.87,False,False,True,C,6.0
KKR,103.33,0.0,56.15,102.66,94.93,94.5,120.43,0.65,8.85,9.35,-14.2,UP,UP,False,107.65,82.67,4.18,109.53,False,False,False,C,6.0
DAL,68.5,0.0,37.71,68.26,66.29,66.12,63.47,0.35,3.34,3.6,7.92,DN,UP,True,75.02,55.28,9.52,76.39,False,False,False,C,6.0
ULCC,4.09,0.0,52.23,3.88,3.71,3.82,4.47,5.3,10.11,6.98,-8.47,DN,UP,False,4.85,3.02,18.58,6.66,False,False,False,C,6.0
VIK,79.03,0.0,45.07,80.55,75.93,75.89,67.56,-1.88,4.08,4.13,16.97,DN,UP,True,87.0,65.65,10.08,87.0,False,False,False,C,6.0
MAR,347.24,0.0,36.05,361.48,342.72,341.87,302.03,-3.94,1.32,1.57,14.97,DN,UP,True,380.0,311.2,9.43,380.0,False,False,True,C,6.0
APH,141.03,0.0,38.27,147.13,137.47,138.22,131.35,-4.15,2.59,2.03,7.37,DN,UP,True,155.46,118.24,10.23,155.46,False,False,False,C,6.0
GLW,159.96,0.0,39.95,163.5,150.0,149.32,100.79,-2.17,6.64,7.12,58.71,DN,UP,True,179.08,120.01,11.95,179.08,False,False,False,C,6.0
QETH,23.47,0.0,52.91,22.98,21.99,21.57,31.73,2.15,6.75,8.81,-26.03,DN,UP,False,24.45,19.6,4.18,24.45,False,False,False,C,6.0
PYPL,50.39,0.0,62.22,50.36,47.04,46.91,59.17,0.05,7.11,7.43,-14.84,DN,UP,False,52.3,43.33,3.79,52.3,False,False,False,C,6.0
HUBB,516.0,0.0,38.11,538.84,509.7,508.79,463.69,-4.24,1.24,1.42,11.28,DN,UP,True,565.5,457.6,9.59,565.5,False,False,True,C,6.0
AME,230.43,0.0,45.29,231.81,223.76,225.76,204.54,-0.6,2.98,2.07,12.66,DN,UP,True,242.05,207.32,5.04,242.05,False,False,True,C,6.0
PAA,22.65,0.0,64.56,22.0,21.81,21.69,18.76,2.93,3.85,4.44,20.72,UP,UP,True,22.79,20.79,0.62,23.04,False,True,False,C,6.0
BWXT,216.68,0.0,33.87,218.01,214.63,212.56,190.75,-0.61,0.96,1.94,13.6,DN,UP,True,241.82,189.0,11.6,241.82,False,False,True,C,6.0
OKLO,68.6,0.0,58.12,70.4,59.3,60.25,86.33,-2.55,15.69,13.87,-20.54,UP,UP,False,81.5,44.88,18.8,81.5,False,False,False,C,6.0
SMR,12.18,0.0,58.55,12.25,11.4,11.67,25.51,-0.56,6.8,4.36,-52.25,DN,UP,False,14.2,8.85,16.57,17.88,False,False,False,C,6.0
LEU,206.92,0.0,55.13,207.79,197.41,198.4,251.94,-0.42,4.82,4.29,-17.87,UP,UP,False,230.49,165.28,11.39,276.89,False,False,False,C,6.0
ALL,219.87,0.0,56.76,215.66,210.57,210.8,205.5,1.95,4.41,4.3,6.99,UP,UP,True,215.51,201.61,-1.98,221.19,False,True,False,C,6.0
AIG,77.56,0.0,52.01,75.86,76.14,76.88,78.37,2.24,1.86,0.89,-1.04,DN,DN,False,81.62,72.94,5.23,81.62,False,False,True,C,6.0
AMT,180.88,0.0,57.17,178.54,177.95,180.1,186.95,1.31,1.64,0.43,-3.25,UP,DN,False,195.45,165.08,8.06,195.45,False,False,True,C,6.0
AMP,468.59,0.0,54.74,469.25,451.97,455.64,483.31,-0.14,3.68,2.84,-3.04,UP,UP,False,550.18,422.37,17.41,547.0,False,False,False,C,6.0
APP,475.0,0.0,61.42,459.35,439.44,440.37,526.29,3.41,8.09,7.86,-9.75,DN,DN,False,491.99,364.64,3.58,520.36,False,False,False,C,6.0
CPT,104.38,0.0,57.59,103.48,101.24,102.71,105.74,0.87,3.1,1.63,-1.28,UP,DN,False,112.5,96.53,7.78,112.5,False,False,True,C,6.0
CDW,135.3,0.0,59.23,136.55,126.35,125.86,144.5,-0.91,7.08,7.5,-6.37,UP,UP,False,143.64,112.98,6.16,144.46,False,False,False,C,6.0
CI,279.35,0.0,55.7,281.94,272.29,274.63,282.05,-0.92,2.59,1.72,-0.96,UP,UP,False,297.8,257.85,6.6,297.8,False,False,True,C,6.0
C,125.63,0.0,39.41,128.42,119.09,117.47,107.57,-2.17,5.49,6.94,16.79,DN,UP,True,135.29,106.52,7.69,135.29,False,False,False,C,6.0
CFG,63.56,0.0,42.17,64.66,61.4,61.33,56.39,-1.7,3.51,3.64,12.72,DN,UP,True,66.85,55.49,5.18,68.79,False,False,True,C,6.0
CTVA,81.69,0.0,42.22,80.04,80.95,80.4,71.76,2.06,0.92,1.6,13.83,UP,UP,True,85.63,78.36,4.82,85.63,False,False,False,C,6.0
CMI,656.73,0.0,64.54,652.33,586.69,584.64,495.97,0.68,11.94,12.33,32.41,UP,UP,True,617.98,510.05,-5.9,674.75,False,True,False,C,6.0
CVS,82.01,0.0,61.82,80.12,76.15,76.61,75.69,2.36,7.69,7.04,8.35,UP,UP,True,81.69,69.51,-0.39,83.93,False,True,False,C,6.0
D,62.95,0.0,45.78,62.64,62.33,62.51,60.93,0.49,1.0,0.7,3.31,UP,UP,True,65.13,60.44,3.46,67.57,False,False,True,C,6.0
DASH,172.57,0.0,57.64,175.09,165.37,167.32,216.76,-1.44,4.36,3.14,-20.39,DN,DN,False,191.17,143.3,10.78,191.17,False,False,False,C,6.0
SATS,120.34,0.0,36.88,121.7,119.32,117.7,88.11,-1.12,0.85,2.25,36.58,DN,UP,True,137.44,116.32,14.21,137.44,False,False,True,C,6.0
FDS,224.44,0.0,50.83,230.21,218.71,217.94,282.82,-2.5,2.62,2.98,-20.64,DN,UP,False,247.33,191.23,10.2,247.33,False,False,False,C,6.0
FRT,114.47,0.0,63.67,111.87,107.98,108.17,101.31,2.33,6.01,5.82,12.99,UP,UP,True,110.89,102.24,-3.13,115.61,False,True,False,C,6.0
FITB,49.4,0.0,47.57,50.32,47.64,48.09,46.24,-1.83,3.69,2.73,6.83,DN,UP,True,51.86,42.94,4.98,55.44,False,False,True,C,6.0
GPN,71.8,0.0,60.39,70.21,69.2,70.92,78.24,2.26,3.76,1.25,-8.23,UP,DN,False,74.61,62.45,3.91,82.7,False,False,True,C,6.0
HST,20.86,0.0,48.97,20.99,19.85,19.84,18.03,-0.64,5.07,5.14,15.67,UP,UP,True,21.55,18.4,3.31,21.55,False,False,False,C,6.0
KIM,23.4,0.0,46.12,23.65,23.12,23.19,21.73,-1.07,1.2,0.9,7.7,DN,UP,True,24.31,22.11,3.89,24.31,False,False,True,C,6.0
KR,67.55,0.0,51.64,67.65,70.58,70.32,67.48,-0.15,-4.3,-3.93,0.11,DN,DN,False,76.58,66.04,13.37,76.58,False,False,False,C,6.0
LYV,157.58,0.0,38.51,155.6,156.8,157.24,152.08,1.27,0.5,0.22,3.61,UP,DN,True,168.55,151.06,6.96,168.55,False,False,True,C,6.0
MAA,129.06,0.0,55.71,127.43,125.73,127.38,134.65,1.28,2.65,1.32,-4.15,UP,DN,False,137.84,120.3,6.8,137.84,False,False,True,C,6.0
MNST,75.2,0.0,50.56,76.73,75.21,76.54,72.01,-2.0,-0.02,-1.75,4.43,UP,DN,False,87.38,70.86,16.2,87.38,False,False,False,C,6.0
MCO,449.56,0.0,58.1,458.07,444.19,448.42,483.36,-1.86,1.21,0.25,-6.99,UP,DN,False,482.54,422.16,7.34,483.92,False,False,True,C,6.0
NWSA,25.8,0.0,61.7,26.27,24.98,24.77,26.6,-1.81,3.28,4.18,-3.01,UP,UP,False,26.88,23.51,4.19,26.88,False,False,False,C,6.0
NWS,29.82,0.0,61.99,30.34,28.61,28.21,30.28,-1.73,4.22,5.72,-1.51,UP,UP,False,30.96,25.49,3.82,30.96,False,False,False,C,6.0
NI,48.08,0.0,57.93,47.94,47.18,47.1,43.77,0.29,1.91,2.07,9.84,UP,UP,True,47.96,46.49,-0.25,48.98,False,True,False,C,6.0
ORLY,93.98,0.0,51.18,93.94,92.32,92.63,97.28,0.04,1.8,1.46,-3.39,UP,UP,False,102.11,86.77,8.65,100.63,False,False,True,C,6.0
ORCL,180.29,0.0,61.36,173.45,157.92,156.12,211.98,3.94,14.17,15.48,-14.95,DN,UP,False,189.18,134.57,4.93,189.18,False,False,False,C,6.0
PLTR,146.03,0.0,61.82,143.47,146.2,145.4,164.26,1.78,-0.11,0.43,-11.1,DN,DN,False,162.4,122.68,11.21,162.4,False,False,True,C,6.0
PSKY,11.13,0.0,50.7,10.96,10.25,10.55,13.48,1.59,8.56,5.5,-17.45,DN,DN,False,11.97,8.62,7.55,14.1,False,False,True,C,6.0
PAYX,92.48,0.0,61.63,92.1,91.9,92.32,113.82,0.41,0.63,0.17,-18.75,UP,DN,False,95.4,85.45,3.16,101.02,False,False,True,C,6.0
PNW,101.82,0.0,47.07,102.38,101.68,101.52,93.27,-0.55,0.14,0.29,9.17,DN,UP,True,104.92,99.88,3.04,104.92,False,False,False,C,6.0
PNC,218.04,0.0,45.13,222.07,213.42,213.84,205.08,-1.82,2.17,1.96,6.32,DN,UP,True,230.25,197.56,5.6,243.94,False,False,True,C,6.0
PSA,295.36,0.0,43.04,302.83,290.7,293.81,285.66,-2.47,1.6,0.53,3.4,DN,DN,True,313.51,262.99,6.15,313.51,False,False,True,C,6.0
RJF,156.81,0.0,58.9,155.28,148.57,149.9,160.99,0.99,5.55,4.61,-2.6,UP,UP,False,174.14,138.82,11.05,174.14,False,False,True,C,6.0
REG,78.75,0.0,45.91,79.48,77.71,77.91,72.88,-0.92,1.34,1.07,8.06,DN,DN,True,81.66,73.91,3.7,81.66,False,False,True,C,6.0
ROP,355.23,0.0,51.57,357.56,354.68,354.23,439.04,-0.65,0.16,0.28,-19.09,DN,DN,False,384.0,340.41,8.1,384.0,False,False,True,C,6.0
SPG,201.51,0.0,47.43,202.3,194.03,195.44,184.72,-0.39,3.85,3.1,9.09,DN,UP,True,208.28,177.88,3.36,208.28,False,False,False,C,6.0
SYF,74.24,0.0,45.38,76.36,70.8,70.59,74.2,-2.77,4.86,5.17,0.06,DN,UP,True,80.22,63.08,8.05,80.22,False,False,False,C,6.0
TPL,432.83,0.0,65.42,437.22,469.34,479.89,358.43,-1.0,-7.78,-9.81,20.76,UP,DN,True,545.0,370.41,25.92,547.2,False,False,False,C,6.0
TTD,24.1,0.0,64.34,23.6,23.36,23.8,41.31,2.11,3.16,1.25,-41.66,UP,DN,False,32.9,19.74,36.51,32.9,False,False,False,C,6.0
TRMB,68.52,0.0,60.79,67.68,66.64,66.96,75.73,1.24,2.83,2.33,-9.52,DN,DN,False,70.8,62.01,3.33,70.82,False,False,False,C,6.0
TFC,49.48,0.0,49.65,50.91,47.79,48.12,47.27,-2.81,3.53,2.84,4.67,UP,UP,True,56.2,43.13,13.58,56.2,False,False,True,C,6.0
TSN,68.75,0.0,63.19,64.62,63.17,63.16,58.29,6.39,8.84,8.85,17.94,UP,UP,True,65.64,62.98,-4.52,68.81,False,True,False,C,6.0
USB,55.24,0.0,43.7,56.22,53.93,54.1,51.22,-1.74,2.44,2.1,7.84,DN,UP,True,58.05,50.32,5.09,61.19,False,False,True,C,6.0
UDR,36.36,0.0,59.63,35.52,35.09,35.59,36.67,2.37,3.62,2.17,-0.84,UP,DN,False,40.17,33.48,10.48,40.17,False,False,True,C,6.0
VTR,87.79,0.0,58.13,85.21,84.61,84.93,76.51,3.03,3.76,3.37,14.74,UP,UP,True,86.3,79.37,-1.7,88.5,False,True,False,C,6.0
GWW,1142.14,0.0,46.03,1155.33,1115.65,1118.95,1034.39,-1.14,2.37,2.07,10.42,DN,UP,True,1183.01,1033.19,3.58,1218.63,False,False,True,C,6.0
WAB,262.22,0.0,45.3,264.45,254.12,255.28,220.14,-0.84,3.19,2.72,19.12,UP,UP,True,275.84,232.8,5.19,275.84,False,False,False,C,6.0
WM,227.85,0.0,51.22,228.27,230.54,232.14,223.11,-0.18,-1.17,-1.85,2.13,UP,DN,False,248.13,221.51,8.9,248.13,False,False,True,C,6.0
WEC,116.44,0.0,49.82,115.44,115.56,115.69,111.44,0.87,0.76,0.65,4.49,UP,UP,True,119.62,113.03,2.73,119.62,False,True,True,C,6.0
WELL,217.14,0.0,57.52,211.08,205.97,206.32,187.37,2.87,5.42,5.25,15.89,UP,UP,True,214.55,198.88,-1.19,219.59,False,True,False,C,6.0
SHOP,127.55,0.0,61.27,125.7,122.46,122.71,142.0,1.47,4.16,3.95,-10.18,DN,DN,False,137.3,108.95,7.64,139.1,False,False,False,C,6.0
TRI,95.75,0.0,61.55,93.91,93.9,95.38,136.36,1.95,1.97,0.39,-29.78,UP,DN,False,99.76,83.29,4.19,115.13,False,False,True,C,6.0
BOIL,13.84,0.0,56.54,13.06,15.41,15.8,25.64,5.94,-10.19,-12.39,-46.02,DN,DN,False,21.31,15.55,53.97,24.38,False,False,False,C,5.0
IYM,179.03,0.0,36.35,182.18,178.13,179.46,159.83,-1.73,0.5,-0.24,12.01,DN,UP,True,186.43,162.46,4.13,189.81,False,False,True,C,5.0
UYM,29.75,0.0,35.15,30.88,29.71,30.2,26.53,-3.66,0.14,-1.5,12.12,DN,UP,True,32.19,25.24,8.21,34.54,False,False,True,C,5.0
XLB,50.65,0.0,34.62,51.49,50.4,50.79,47.1,-1.64,0.49,-0.28,7.54,DN,UP,True,52.57,46.73,3.79,54.14,False,False,True,C,5.0
XLU,46.37,0.0,49.15,46.0,46.15,46.35,44.24,0.81,0.47,0.04,4.81,UP,DN,True,47.71,44.71,2.89,47.8,False,False,True,C,5.0
NVDA,198.48,0.0,51.99,204.58,187.94,187.33,183.98,-2.98,5.61,5.95,7.88,DN,UP,True,188.88,164.27,-4.84,216.83,False,False,False,C,5.0
TSM,401.61,0.0,61.06,392.71,359.43,360.89,306.26,2.27,11.73,11.28,31.14,UP,UP,True,390.21,313.8,-2.84,414.5,False,False,False,C,5.0
ASML,1386.21,0.0,35.39,1424.14,1393.06,1399.84,1119.45,-2.66,-0.49,-0.97,23.83,DN,UP,True,1531.98,1248.11,10.52,1547.22,False,False,True,C,5.0
ETN,422.44,0.0,61.74,419.36,383.77,380.03,362.9,0.73,10.08,11.16,16.41,UP,UP,True,408.45,342.0,-3.31,435.43,False,False,False,C,5.0
HWM,239.7,0.0,34.33,241.81,242.57,245.79,210.46,-0.87,-1.18,-2.48,13.89,DN,DN,True,259.82,220.51,8.39,267.31,False,False,True,C,5.0
DE,578.39,0.0,44.09,575.9,580.62,588.68,516.53,0.43,-0.38,-1.75,11.98,DN,DN,True,619.24,549.68,7.06,674.19,False,False,False,C,5.0
KO,78.19,0.0,61.82,77.04,76.53,77.13,71.99,1.49,2.18,1.37,8.61,UP,UP,True,78.29,74.55,0.13,82.0,False,False,True,C,5.0
LIN,493.55,0.0,45.4,503.62,496.17,496.98,461.98,-2.0,-0.53,-0.69,6.83,UP,UP,True,510.65,471.14,3.46,521.28,False,False,True,C,5.0
APD,298.35,0.0,52.53,300.47,292.32,289.2,274.61,-0.7,2.06,3.16,8.64,UP,UP,True,296.82,268.12,-0.51,307.29,False,False,False,C,5.0
ENPH,32.54,0.0,51.92,34.1,37.04,38.54,36.28,-4.57,-12.15,-15.58,-10.31,UP,DN,False,36.94,30.87,13.52,52.24,False,False,False,C,5.0
NEE,95.51,0.0,60.18,94.8,92.81,92.86,83.32,0.75,2.91,2.86,14.63,UP,UP,True,94.44,89.9,-1.12,98.75,False,False,True,C,5.0
UBER,73.93,0.0,53.4,75.07,73.86,73.98,85.11,-1.52,0.1,-0.07,-13.13,DN,DN,False,78.76,68.46,6.53,79.23,False,False,True,C,5.0
VSAT,63.82,0.0,64.16,62.1,54.07,52.51,38.52,2.76,18.03,21.53,65.67,UP,UP,True,50.24,43.02,-21.28,66.75,False,False,False,C,5.0
AAPL,276.83,0.0,65.75,272.06,260.37,261.46,255.52,1.75,6.32,5.88,8.34,UP,UP,True,280.91,245.51,1.47,287.22,False,False,False,C,5.0
FLR,52.49,0.0,62.05,50.37,47.65,48.16,45.61,4.22,10.15,8.99,15.08,UP,UP,True,50.8,42.46,-3.22,54.26,False,False,False,C,5.0
HLT,311.38,0.0,35.92,326.82,313.04,312.22,286.97,-4.72,-0.53,-0.27,8.51,DN,UP,True,344.75,289.52,10.72,344.75,False,False,True,C,5.0
RIO,98.63,0.0,49.37,99.11,94.07,94.65,78.36,-0.48,4.85,4.21,25.86,FLAT,UP,True,101.33,82.35,2.74,101.53,False,False,False,C,5.0
MP,66.2,0.0,61.81,64.58,57.76,58.11,63.0,2.51,14.62,13.93,5.08,UP,UP,True,63.9,44.43,-3.47,69.7,False,False,False,C,5.0
ADBE,253.96,0.0,62.2,246.44,246.74,250.42,313.68,3.05,2.92,1.41,-19.04,UP,DN,False,258.75,224.13,1.89,285.36,False,False,True,C,5.0
AEP,134.66,0.0,47.35,134.71,132.78,132.73,120.14,-0.04,1.41,1.45,12.09,UP,UP,True,137.74,131.2,2.29,138.49,False,False,False,C,5.0
APTV,59.53,0.0,52.17,60.0,64.27,66.29,75.96,-0.78,-7.37,-10.19,-21.63,UP,DN,False,86.8,56.56,45.81,86.8,False,False,False,C,5.0
T,26.1,0.0,54.88,26.04,27.21,27.44,26.72,0.25,-4.09,-4.89,-2.32,DN,DN,False,29.44,24.94,12.8,29.44,False,False,False,C,5.0
AXON,393.75,0.0,57.64,400.51,432.7,453.04,599.22,-1.69,-9.0,-13.09,-34.29,DN,DN,False,588.38,339.01,49.43,588.38,False,False,False,C,5.0
BALL,60.93,0.0,36.73,61.66,61.22,62.09,55.22,-1.18,-0.47,-1.86,10.33,DN,DN,True,65.36,56.63,7.27,68.29,False,False,True,C,5.0
BXP,58.58,0.0,64.71,58.27,54.47,55.07,65.95,0.53,7.54,6.38,-11.17,UP,UP,False,59.88,50.07,2.22,66.77,False,False,True,C,5.0
CPB,20.5,0.0,58.39,20.69,21.31,22.31,28.33,-0.9,-3.81,-8.11,-27.65,DN,DN,False,22.46,19.76,9.56,29.99,False,False,False,C,5.0
CB,325.12,0.0,49.22,327.27,327.11,328.87,300.43,-0.66,-0.61,-1.14,8.22,DN,DN,True,336.14,320.0,3.39,345.67,False,False,True,C,5.0
CMS,75.69,0.0,36.61,75.86,77.01,77.07,73.57,-0.23,-1.72,-1.8,2.88,DN,DN,True,80.36,74.19,6.17,80.36,False,False,True,C,5.0
ED,109.63,0.0,42.51,109.46,111.65,111.67,103.68,0.16,-1.81,-1.82,5.74,UP,DN,True,116.23,107.65,6.02,116.23,False,False,True,C,5.0
CPRT,33.29,0.0,50.0,33.39,33.5,34.24,40.77,-0.3,-0.62,-2.78,-18.35,DN,DN,False,34.52,32.2,3.69,40.95,False,False,False,C,5.0
DTE,146.73,0.0,47.79,147.06,146.95,147.11,139.18,-0.23,-0.15,-0.26,5.42,UP,DN,True,151.4,143.11,3.18,154.63,False,False,True,C,5.0
DUK,127.45,0.0,43.03,127.32,129.58,129.75,123.83,0.1,-1.64,-1.77,2.92,UP,DN,True,134.13,124.9,5.24,134.49,False,False,True,C,5.0
EIX,69.0,0.0,32.57,69.11,71.37,71.88,61.31,-0.16,-3.32,-4.01,12.55,DN,DN,True,76.22,68.77,10.46,76.22,False,False,True,C,5.0
ES,69.44,0.0,52.25,68.85,69.71,70.74,69.06,0.86,-0.38,-1.84,0.55,UP,DN,False,71.2,66.81,2.53,76.41,False,False,True,C,5.0
FICO,1060.0,0.0,58.69,1017.97,1075.77,1138.19,1469.86,4.13,-1.47,-6.87,-27.88,DN,DN,False,1494.0,870.01,40.94,1494.0,False,False,False,C,5.0
FAST,44.88,0.0,51.69,44.9,45.56,45.64,44.9,-0.05,-1.49,-1.67,-0.05,DN,DN,False,49.67,43.52,10.67,49.67,False,False,False,C,5.0
FDX,357.8,0.0,44.83,388.27,368.53,371.1,293.17,-7.85,-2.91,-3.58,22.04,DN,UP,True,392.86,341.25,9.8,404.03,False,False,False,C,5.0
FIS,47.28,0.0,52.21,46.55,47.7,48.14,61.39,1.57,-0.88,-1.79,-22.98,DN,DN,False,49.28,43.3,4.23,52.07,False,False,True,C,5.0
GRMN,238.6,0.0,22.85,254.26,246.66,247.29,228.0,-6.16,-3.27,-3.52,4.65,DN,DN,True,273.32,225.37,14.55,273.32,False,False,True,C,5.0
GEN,19.63,0.0,58.26,19.35,19.71,20.24,25.66,1.47,-0.39,-3.0,-23.5,DN,DN,False,20.73,17.78,5.6,25.28,False,False,False,C,5.0
JKHY,152.52,0.0,53.54,153.1,157.89,158.96,165.63,-0.38,-3.4,-4.05,-7.92,DN,DN,False,172.84,146.92,13.32,177.69,False,False,False,C,5.0
KHC,22.42,0.0,55.98,22.22,22.42,22.83,24.8,0.92,0.01,-1.78,-9.58,UP,DN,False,23.62,21.75,5.35,25.2,False,False,False,C,5.0
LITE,976.18,0.0,61.61,877.68,790.16,768.77,383.37,11.22,23.54,26.98,154.63,UP,UP,True,960.0,317.44,-1.66,1004.94,False,False,False,C,5.0
MRNA,47.3,0.0,34.61,49.36,51.53,51.71,35.78,-4.17,-8.21,-8.53,32.21,DN,DN,True,56.2,47.14,18.82,59.55,False,False,True,C,5.0
ODFL,192.18,0.0,37.35,214.92,200.71,200.97,166.01,-10.58,-4.25,-4.37,15.76,DN,DN,True,221.63,176.05,15.32,233.79,False,False,False,C,5.0
PPL,37.8,0.0,31.79,38.25,38.34,38.34,36.68,-1.18,-1.41,-1.4,3.04,DN,DN,True,40.11,36.53,6.11,40.11,False,False,True,C,5.0
PGR,199.24,0.0,54.18,202.19,201.56,203.23,222.03,-1.46,-1.15,-1.96,-10.26,DN,DN,False,208.46,192.02,4.63,214.97,False,False,True,C,5.0
PTC,138.19,0.0,62.17,137.66,143.64,146.59,177.62,0.39,-3.8,-5.73,-22.2,DN,DN,False,168.55,130.89,21.97,168.55,False,False,False,C,5.0
CRM,185.48,0.0,62.48,181.69,184.92,186.64,228.21,2.08,0.3,-0.62,-18.72,DN,DN,False,193.56,163.52,4.36,204.86,False,False,True,C,5.0
SRE,94.38,0.0,42.14,93.48,95.17,95.07,89.45,0.96,-0.83,-0.72,5.51,UP,UP,True,101.04,92.18,7.06,101.04,False,False,True,C,5.0
NOW,91.97,0.0,54.63,91.94,101.09,102.99,149.47,0.03,-9.02,-10.7,-38.47,DN,DN,False,126.67,81.24,37.73,126.67,False,False,False,C,5.0
SNA,372.12,0.0,46.67,381.15,371.96,374.41,351.42,-2.37,0.04,-0.61,5.89,UP,DN,True,400.88,354.97,7.73,400.88,False,False,True,C,5.0
TMUS,194.42,0.0,54.05,192.18,202.31,205.59,216.4,1.17,-3.9,-5.43,-10.16,DN,DN,False,206.78,181.36,6.36,224.75,False,False,False,C,5.0
TDY,637.58,0.0,45.18,645.16,636.73,644.45,576.44,-1.18,0.13,-1.07,10.61,UP,DN,True,687.0,579.04,7.75,693.38,False,False,True,C,5.0
TT,486.5,0.0,61.96,483.98,448.11,448.88,426.17,0.52,8.57,8.38,14.16,UP,UP,True,479.37,403.14,-1.47,503.47,False,False,False,C,5.0
TYL,327.25,0.0,52.43,340.35,340.2,342.45,449.92,-3.85,-3.81,-4.44,-27.26,DN,DN,False,377.77,314.07,15.44,377.77,False,False,True,C,5.0
VRSK,178.68,0.0,59.4,179.97,186.29,190.03,224.2,-0.72,-4.08,-5.97,-20.3,UP,DN,False,216.65,161.7,21.25,216.65,False,False,False,C,5.0
WRB,66.32,0.0,51.78,66.77,66.65,67.58,70.84,-0.67,-0.49,-1.87,-6.38,UP,DN,False,68.72,65.08,3.62,73.42,False,False,False,C,5.0
WDAY,127.89,0.0,61.14,122.89,127.53,129.71,195.26,4.07,0.28,-1.4,-34.5,UP,DN,False,133.05,110.36,4.03,164.2,False,False,False,C,5.0
ARM,203.26,0.0,65.69,205.25,158.1,151.39,141.51,-0.97,28.56,34.26,43.63,UP,UP,False,237.68,111.26,16.93,237.68,False,False,False,C,5.0
IDU,117.1,0.0,48.91,116.26,116.65,117.17,112.09,0.73,0.39,-0.06,4.47,UP,DN,True,120.39,113.18,2.81,120.82,False,False,True,C,4.0
SLB,55.63,0.0,69.06,55.4,51.16,50.92,41.51,0.41,8.74,9.25,34.03,UP,UP,True,54.8,43.55,-1.49,57.2,False,True,False,C,4.0
EME,910.26,0.0,69.18,872.9,785.64,778.99,685.45,4.28,15.86,16.85,32.8,UP,UP,True,835.0,695.55,-8.27,921.22,False,True,False,C,4.0
MBLY,8.65,0.0,69.0,8.66,7.78,7.91,11.4,-0.08,11.23,9.36,-24.12,UP,UP,False,9.49,6.47,9.71,9.74,False,False,False,C,4.0
BA,221.3,0.0,47.75,228.09,214.43,217.25,219.59,-2.98,3.21,1.86,0.78,UP,DN,False,236.45,187.72,6.85,247.86,False,False,True,C,4.0
EXPE,246.5,0.0,48.77,252.49,240.98,236.29,235.86,-2.37,2.29,4.32,4.51,DN,UP,False,279.76,218.65,13.49,279.76,False,False,False,C,4.0
SBUX,104.97,0.0,68.18,101.24,96.9,96.99,90.17,3.68,8.33,8.22,16.41,UP,UP,True,102.44,85.6,-2.41,107.52,False,True,False,C,4.0
LIT,87.12,0.0,66.5,85.16,76.88,76.15,63.22,2.3,13.32,14.4,37.81,UP,UP,True,78.0,66.6,-10.47,88.9,False,True,False,C,4.0
SU,68.56,0.0,67.31,65.58,63.72,62.31,48.33,4.54,7.59,10.03,41.85,UP,UP,True,67.76,59.27,-1.17,68.96,False,True,False,C,4.0
ADP,211.32,0.0,69.83,204.86,204.62,206.81,256.32,3.16,3.27,2.18,-17.56,UP,DN,False,226.5,188.16,7.18,235.69,False,False,True,C,4.0
CIEN,538.51,0.0,68.99,509.83,441.33,420.16,239.36,5.62,22.02,28.17,124.98,UP,UP,True,365.9,278.39,-32.05,550.0,False,True,False,C,4.0
EBAY,109.33,0.0,65.31,103.37,96.32,94.84,90.39,5.77,13.5,15.28,20.96,UP,UP,True,95.18,87.2,-12.94,111.38,False,True,False,C,4.0
FISV,62.81,0.0,66.61,62.14,58.82,59.41,88.77,1.08,6.78,5.72,-29.25,DN,DN,False,65.29,52.91,3.95,65.29,False,False,False,C,4.0
INCY,97.14,0.0,48.57,96.5,94.72,95.65,93.63,0.67,2.55,1.56,3.75,DN,DN,False,109.48,89.25,12.7,109.48,False,False,True,C,4.0
J,130.74,0.0,65.0,127.82,128.23,129.91,140.97,2.29,1.96,0.64,-7.26,UP,DN,False,132.24,120.73,1.15,153.08,False,False,False,C,4.0
KEYS,351.35,0.0,66.47,343.38,309.81,306.56,217.09,2.32,13.41,14.61,61.84,UP,UP,True,317.0,266.47,-9.78,354.23,False,True,False,C,4.0
MTB,214.08,0.0,38.65,217.12,210.37,212.09,202.55,-1.4,1.76,0.94,5.69,DN,UP,False,223.73,193.95,4.51,239.0,False,False,True,C,4.0
MSI,437.59,0.0,47.67,437.67,446.54,451.91,430.27,-0.02,-2.0,-3.17,1.7,DN,DN,True,450.0,424.98,2.84,490.24,False,False,False,C,4.0
O,63.45,0.0,47.72,63.58,63.09,63.73,60.12,-0.21,0.56,-0.44,5.54,DN,DN,True,65.35,59.85,2.99,67.94,False,False,True,C,4.0
RF,27.66,0.0,48.84,28.17,26.86,27.12,26.72,-1.82,2.97,1.98,3.51,UP,UP,False,31.53,24.72,13.99,31.53,False,False,True,C,4.0
SBAC,217.91,0.0,49.83,217.03,199.68,199.28,198.97,0.41,9.13,9.35,9.52,DN,UP,False,224.46,162.41,3.01,224.46,False,False,False,C,4.0
AEM,179.93,0.0,19.32,192.9,203.37,210.4,177.7,-6.72,-11.53,-14.48,1.25,DN,DN,False,224.35,175.56,24.69,255.24,False,False,False,C,3.0
BBH,185.61,0.0,33.04,185.95,187.36,188.81,182.35,-0.18,-0.93,-1.7,1.79,DN,DN,False,194.76,180.0,4.93,199.44,False,False,True,C,3.0
FCX,55.57,0.0,24.29,60.61,60.87,61.9,50.77,-8.31,-8.7,-10.23,9.45,DN,DN,False,70.97,50.79,27.71,70.97,False,False,False,C,3.0
GUSH,43.08,0.0,71.24,39.26,39.55,38.18,27.48,9.74,8.91,12.83,56.76,UP,UP,True,48.66,31.5,12.95,48.66,False,False,False,C,3.0
IYE,63.02,0.0,70.17,61.26,61.65,61.13,51.57,2.87,2.23,3.09,22.2,UP,UP,True,67.07,56.7,6.43,67.07,False,False,True,C,3.0
IYG,86.98,0.0,47.15,87.5,84.78,85.01,88.24,-0.6,2.6,2.32,-1.43,DN,UP,False,89.73,79.87,3.16,92.37,False,False,True,C,3.0
PPH,102.12,0.0,42.67,100.84,102.88,104.16,98.16,1.27,-0.74,-1.96,4.04,DN,DN,False,112.58,100.2,10.24,112.58,False,False,False,C,3.0
PSX,178.47,0.0,72.9,167.89,170.58,168.16,143.32,6.3,4.63,6.13,24.53,UP,UP,True,190.61,153.58,6.8,190.61,False,False,False,C,3.0
SCCO,166.3,0.0,24.98,176.01,177.2,183.27,145.96,-5.52,-6.15,-9.26,13.94,DN,DN,False,198.93,151.37,19.62,223.89,False,False,False,C,3.0
TRX,1.11,0.0,15.15,1.18,1.42,1.5,0.95,-5.77,-22.05,-25.97,16.42,DN,DN,False,1.69,1.23,52.25,2.02,False,False,False,C,3.0
XOP,181.01,0.0,72.02,172.56,172.28,168.99,140.58,4.9,5.07,7.12,28.76,UP,UP,True,190.36,154.64,5.17,190.36,False,False,False,C,3.0
MRVL,163.66,0.0,74.89,160.03,119.41,111.52,88.89,2.27,37.06,46.75,84.12,UP,UP,True,170.84,75.24,4.39,170.84,False,False,False,C,3.0
COST,1012.79,0.0,70.48,1006.47,997.42,997.43,950.85,0.63,1.54,1.54,6.51,UP,UP,True,1035.82,966.0,2.27,1035.82,False,True,True,C,3.0
VST,160.85,0.0,46.93,158.74,157.79,159.88,177.78,1.33,1.94,0.6,-9.52,DN,DN,False,168.49,142.34,4.75,178.31,False,False,True,C,3.0
PH,867.75,0.0,25.18,941.9,932.38,944.8,853.43,-7.87,-6.93,-8.16,1.68,DN,DN,False,1029.0,858.72,18.58,1034.96,False,False,False,C,3.0
CAT,874.78,0.0,69.2,838.66,756.29,752.64,593.31,4.31,15.67,16.23,47.44,UP,UP,True,789.81,664.57,-9.71,905.0,False,False,False,C,3.0
JNJ,224.2,0.0,27.22,227.21,236.44,238.15,206.58,-1.33,-5.18,-5.86,8.53,DN,DN,False,247.21,232.24,10.26,251.71,False,False,False,C,3.0
PEP,154.59,0.0,47.52,155.6,155.68,157.76,150.01,-0.65,-0.7,-2.01,3.05,DN,DN,False,160.03,149.03,3.52,171.48,False,False,False,C,3.0
HOOD,76.55,0.0,47.17,80.34,76.09,76.33,106.44,-4.72,0.6,0.29,-28.08,DN,DN,False,93.32,63.51,21.91,93.32,False,False,True,C,3.0
CME,290.29,0.0,37.07,286.2,298.48,302.42,281.75,1.43,-2.74,-4.01,3.03,DN,DN,False,312.68,274.6,7.71,329.16,False,False,False,C,3.0
DD,45.41,0.0,42.61,45.93,45.78,46.43,39.54,-1.14,-0.8,-2.19,14.84,DN,DN,False,48.22,42.04,6.19,52.66,False,False,False,C,3.0
GM,75.7,0.0,35.93,77.65,75.91,76.48,70.35,-2.51,-0.27,-1.02,7.6,DN,DN,False,82.67,71.6,9.21,84.7,False,False,False,C,3.0
GLD,414.71,0.0,28.42,425.99,434.71,442.97,392.07,-2.65,-4.6,-6.38,5.78,DN,DN,False,448.7,399.2,8.2,492.15,False,False,False,C,3.0
IAU,84.97,0.0,28.27,87.29,89.06,90.75,80.29,-2.66,-4.59,-6.37,5.82,DN,DN,False,91.93,81.87,8.19,100.81,False,False,False,C,3.0
GLDM,89.38,0.0,28.38,91.81,93.66,95.43,84.4,-2.65,-4.57,-6.34,5.9,DN,DN,False,96.68,86.09,8.17,105.99,False,False,False,C,3.0
SLV,65.94,0.0,36.36,67.63,68.73,70.72,56.54,-2.5,-4.06,-6.76,16.63,DN,DN,False,75.16,60.37,13.98,85.27,False,False,False,C,3.0
SIVR,69.28,0.0,36.34,71.05,72.2,74.29,59.36,-2.5,-4.04,-6.74,16.71,DN,DN,False,78.96,63.42,13.97,89.58,False,False,False,C,3.0
CHPT,6.21,0.0,48.66,6.66,5.69,5.81,8.43,-6.83,9.09,6.86,-26.33,DN,UP,False,7.3,4.44,17.55,7.3,False,False,False,C,3.0
BX,123.09,0.0,44.72,123.89,116.71,116.29,147.58,-0.65,5.46,5.85,-16.59,DN,UP,False,133.25,101.73,8.25,136.49,False,False,False,C,3.0
AAL,11.81,0.0,45.88,11.71,11.24,11.53,12.92,0.82,5.04,2.42,-8.59,DN,DN,False,13.41,10.09,13.55,15.38,False,False,False,C,3.0
LUV,38.35,0.0,39.9,38.59,39.59,41.28,37.81,-0.63,-3.13,-7.09,1.43,DN,DN,False,44.92,36.85,17.13,55.11,False,False,False,C,3.0
TJX,154.64,0.0,30.5,157.21,158.11,158.35,148.2,-1.63,-2.19,-2.34,4.35,DN,DN,False,165.82,152.18,7.23,165.82,False,False,True,C,3.0
AMKR,70.96,0.0,66.17,72.29,55.67,53.88,39.68,-1.83,27.47,31.7,78.82,UP,UP,True,57.09,40.69,-19.55,79.23,False,False,False,C,3.0
UGL,56.56,0.0,27.48,59.84,62.94,65.69,54.78,-5.48,-10.14,-13.9,3.25,DN,DN,False,66.53,53.33,17.63,81.9,False,False,False,C,3.0
PALL,134.43,0.0,36.76,135.75,137.56,141.4,134.04,-0.97,-2.28,-4.93,0.29,DN,DN,False,146.36,121.73,8.87,165.99,False,False,False,C,3.0
COPX,76.65,0.0,28.38,80.46,79.14,81.32,67.91,-4.74,-3.15,-5.75,12.87,DN,DN,False,89.01,68.49,16.13,97.24,False,False,False,C,3.0
PPLT,176.24,0.0,35.52,179.91,183.01,186.51,164.3,-2.04,-3.7,-5.51,7.27,DN,DN,False,194.97,164.4,10.63,215.4,False,False,False,C,3.0
GDX,85.65,0.0,26.32,90.24,92.76,96.04,82.34,-5.09,-7.66,-10.82,4.02,DN,DN,False,102.39,78.74,19.54,117.18,False,False,False,C,3.0
GDXJ,113.09,0.0,27.01,119.05,121.99,126.85,107.69,-5.01,-7.3,-10.85,5.01,DN,DN,False,136.55,102.88,20.74,157.49,False,False,False,C,3.0
NEM,108.33,0.0,38.86,111.45,110.8,113.23,95.95,-2.8,-2.23,-4.33,12.91,DN,DN,False,122.0,94.34,12.62,131.98,False,False,False,C,3.0
GOLD,42.64,0.0,43.19,45.55,44.94,47.15,35.42,-6.4,-5.11,-9.57,20.37,DN,DN,False,49.83,37.77,16.86,66.7,False,False,False,C,3.0
FNV,223.95,0.0,15.52,236.39,247.01,251.59,217.08,-5.26,-9.34,-10.98,3.16,DN,DN,False,272.98,219.1,21.89,285.67,False,False,False,C,3.0
WPM,124.14,0.0,25.38,133.48,135.63,139.72,118.5,-7.0,-8.47,-11.15,4.76,DN,DN,False,154.17,113.39,24.19,165.76,False,False,False,C,3.0
PAAS,51.11,0.0,30.05,53.73,54.88,56.73,45.92,-4.87,-6.88,-9.9,11.3,DN,DN,False,60.56,45.94,18.49,68.91,False,False,False,C,3.0
HL,17.58,0.0,34.09,18.19,18.88,19.7,16.13,-3.34,-6.91,-10.76,9.0,DN,DN,False,21.05,16.25,19.74,25.21,False,False,False,C,3.0
AG,19.38,0.0,35.01,19.97,21.11,22.72,16.3,-2.94,-8.2,-14.68,18.89,DN,DN,False,23.3,17.88,20.23,32.04,False,False,False,C,3.0
SIL,86.9,0.0,29.98,91.39,92.48,96.07,79.47,-4.91,-6.03,-9.55,9.35,DN,DN,False,103.55,77.58,19.16,118.85,False,False,False,C,3.0
SILJ,28.76,0.0,31.85,29.93,30.51,31.87,26.24,-3.92,-5.75,-9.76,9.59,DN,DN,False,34.08,25.81,18.5,40.3,False,False,False,C,3.0
AR,39.53,0.0,72.74,38.52,39.94,39.22,34.85,2.61,-1.03,0.78,13.42,UP,UP,True,45.75,35.31,15.73,45.75,False,False,True,C,3.0
HII,363.37,0.0,20.42,364.48,393.23,402.39,339.19,-0.3,-7.59,-9.7,7.13,DN,DN,False,414.03,366.48,13.94,460.0,False,False,False,C,3.0
AKAM,105.78,0.0,83.29,99.04,105.15,104.13,88.51,6.8,0.6,1.58,19.51,UP,UP,True,121.12,88.5,14.5,121.12,False,False,True,C,3.0
ALGN,171.88,0.0,36.25,183.87,177.59,178.82,158.43,-6.52,-3.22,-3.88,8.49,DN,DN,False,200.44,162.27,16.62,200.44,False,False,False,C,3.0
AXP,319.21,0.0,42.87,320.76,310.81,311.6,336.06,-0.48,2.7,2.44,-5.01,DN,UP,False,339.98,290.97,6.51,369.5,False,False,False,C,3.0
ACGL,93.65,0.0,42.32,95.79,95.49,96.22,92.93,-2.24,-1.93,-2.67,0.78,DN,DN,False,99.68,91.43,6.44,103.39,False,False,False,C,3.0
TECH,54.74,0.0,41.45,55.03,54.13,54.69,58.14,-0.53,1.13,0.08,-5.85,DN,DN,False,62.47,48.25,14.12,67.6,False,False,False,C,3.0
BLK,1052.25,0.0,49.33,1052.93,997.23,1008.98,1081.6,-0.06,5.52,4.29,-2.71,UP,UP,False,1181.36,917.39,12.27,1113.56,False,False,False,C,3.0
BMY,57.38,0.0,47.34,58.57,58.96,59.46,52.05,-2.04,-2.68,-3.5,10.24,DN,DN,False,62.23,57.22,8.45,62.89,False,False,False,C,3.0
CHRW,161.24,0.0,43.09,181.59,173.43,175.44,153.68,-11.21,-7.03,-8.09,4.92,DN,DN,False,194.54,159.96,20.65,203.34,False,False,False,C,3.0
CAH,197.06,0.0,32.26,200.6,209.89,212.84,189.48,-1.76,-6.11,-7.41,4.0,DN,DN,False,217.77,203.86,10.51,233.6,False,False,False,C,3.0
CRL,172.32,0.0,43.8,171.24,168.5,169.62,176.03,0.63,2.26,1.59,-2.11,DN,DN,False,190.14,149.64,10.34,191.5,False,False,True,C,3.0
CHD,92.89,0.0,42.41,95.04,95.48,97.03,91.69,-2.26,-2.71,-4.27,1.3,DN,DN,False,106.04,91.79,14.16,106.04,False,False,False,C,3.0
CPAY,310.83,0.0,41.0,314.29,308.15,312.41,308.68,-1.1,0.87,-0.51,0.7,DN,DN,False,343.56,281.16,10.53,361.99,False,False,False,C,3.0
EL,81.33,0.0,65.16,77.42,77.87,83.28,94.09,5.05,4.44,-2.35,-13.56,UP,DN,False,117.57,66.22,44.56,117.57,False,False,False,C,3.0
EG,347.52,0.0,55.14,348.15,333.31,333.89,333.14,-0.18,4.26,4.08,4.32,UP,UP,False,348.31,313.26,0.23,360.86,False,False,False,C,3.0
EXC,46.61,0.0,33.76,46.56,48.05,48.22,45.73,0.12,-2.99,-3.35,1.93,DN,DN,False,50.11,45.63,7.51,50.65,False,False,True,C,3.0
EXE,100.77,0.0,66.14,98.07,103.02,103.67,105.05,2.76,-2.18,-2.79,-4.07,UP,DN,False,114.81,93.75,13.93,114.81,False,False,False,C,3.0
EXPD,139.71,0.0,39.86,147.58,144.94,145.03,137.81,-5.33,-3.61,-3.67,1.38,DN,DN,False,151.92,129.59,8.74,166.0,False,False,False,C,3.0
FE,46.78,0.0,19.74,48.51,50.04,50.17,46.47,-3.58,-6.52,-6.76,0.67,DN,DN,False,52.34,48.2,11.89,52.34,False,False,False,C,3.0
FOXA,62.36,0.0,44.74,63.64,60.73,59.98,62.74,-2.01,2.68,3.97,-0.61,DN,UP,False,66.0,53.03,5.84,66.4,False,False,False,C,3.0
FOX,56.07,0.0,45.75,57.05,54.71,54.19,56.58,-1.71,2.49,3.47,-0.9,DN,UP,False,59.04,48.76,5.3,59.71,False,False,False,C,3.0
GILD,132.69,0.0,30.56,131.13,138.13,139.95,126.92,1.19,-3.94,-5.19,4.55,DN,DN,False,142.97,133.89,7.75,157.29,False,False,False,C,3.0
HIG,133.81,0.0,37.91,136.99,136.23,137.15,133.36,-2.32,-1.78,-2.43,0.34,DN,DN,False,141.61,130.75,5.83,144.5,False,False,True,C,3.0
HPE,28.71,0.0,77.75,28.43,24.87,24.11,23.18,0.99,15.46,19.06,23.87,UP,UP,True,29.63,19.84,3.2,29.63,False,False,False,C,3.0
HPQ,20.8,0.0,67.3,20.36,19.3,19.21,23.36,2.17,7.76,8.29,-10.94,UP,UP,False,21.42,18.01,2.98,21.42,False,False,False,C,3.0
IFF,70.09,0.0,41.9,70.74,71.08,72.75,68.82,-0.92,-1.39,-3.66,1.85,DN,DN,False,76.19,65.49,8.7,84.45,False,False,False,C,3.0
INTU,406.99,0.0,65.22,397.27,415.02,414.89,587.08,2.45,-1.94,-1.9,-30.68,UP,DN,False,483.21,342.11,18.73,483.21,False,False,True,C,3.0
LII,514.86,0.0,48.06,505.86,486.16,498.53,524.62,1.78,5.9,3.28,-1.86,UP,DN,False,575.5,434.06,11.78,575.5,False,False,True,C,3.0
L,105.15,0.0,36.44,110.93,108.85,109.12,103.12,-5.21,-3.4,-3.63,1.97,DN,DN,False,112.32,103.64,6.82,114.9,False,False,False,C,3.0
MRK,113.11,0.0,37.72,111.76,116.52,117.35,100.05,1.21,-2.93,-3.61,13.05,DN,DN,False,124.0,112.72,9.63,125.14,False,False,True,C,3.0
PCAR,114.37,0.0,28.65,121.96,119.7,120.59,109.53,-6.22,-4.45,-5.16,4.42,DN,DN,False,129.31,110.36,13.06,130.7,False,False,False,C,3.0
PFE,26.3,0.0,37.54,26.66,27.15,27.12,25.69,-1.37,-3.12,-3.03,2.36,DN,DN,False,28.75,26.2,9.32,28.75,False,False,False,C,3.0
PCG,16.21,0.0,20.0,16.56,17.49,17.73,16.14,-2.11,-7.32,-8.58,0.44,DN,DN,False,18.92,17.0,16.72,19.16,False,False,False,C,3.0
PRU,97.65,0.0,47.01,96.32,96.18,96.88,104.45,1.39,1.53,0.8,-6.51,DN,DN,False,102.84,92.66,5.31,106.94,False,False,True,C,3.0
DGX,191.5,0.0,46.71,196.42,196.65,198.88,186.53,-2.51,-2.62,-3.71,2.66,DN,DN,False,209.79,171.18,9.55,213.5,False,False,False,C,3.0
RL,354.29,0.0,35.9,367.63,356.18,357.43,338.19,-3.63,-0.53,-0.88,4.76,DN,UP,False,393.41,324.34,11.04,393.41,False,False,True,C,3.0
REGN,709.21,0.0,34.7,729.18,748.59,754.18,684.43,-2.74,-5.26,-5.96,3.62,DN,DN,False,781.21,727.88,10.15,815.0,False,False,False,C,3.0
SJM,96.91,0.0,67.46,96.51,97.55,100.5,104.4,0.42,-0.65,-3.57,-7.17,UP,DN,False,119.39,88.25,23.2,119.39,False,False,False,C,3.0
TPR,139.74,0.0,32.08,144.84,145.24,147.03,124.48,-3.52,-3.79,-4.96,12.26,DN,DN,False,158.56,136.44,13.47,161.97,False,False,False,C,3.0
TXT,90.94,0.0,46.26,90.66,90.4,91.96,86.73,0.31,0.59,-1.1,4.86,UP,DN,False,101.57,86.77,11.69,101.57,False,False,True,C,3.0
VTRS,15.2,0.0,76.11,14.84,13.95,14.21,11.92,2.45,8.92,6.97,27.48,UP,UP,True,16.47,12.87,8.36,16.47,False,False,False,C,3.0
VMC,287.72,0.0,41.4,293.12,280.09,284.42,291.95,-1.84,2.73,1.16,-1.45,UP,UP,False,331.09,252.35,15.07,331.09,False,False,True,C,3.0
DIS,101.31,0.0,45.63,102.86,100.08,100.9,109.55,-1.51,1.23,0.41,-7.52,DN,UP,False,107.11,92.19,5.73,111.11,False,False,True,C,3.0
WST,300.18,0.0,70.56,295.31,261.94,259.2,259.65,1.65,14.6,15.81,15.61,UP,UP,True,320.33,228.4,6.71,320.33,False,False,False,C,3.0
YUM,154.4,0.0,36.79,158.43,158.74,159.64,152.17,-2.54,-2.73,-3.28,1.47,DN,DN,False,164.16,151.91,6.32,169.39,False,False,False,C,3.0
ZBRA,223.73,0.0,46.97,225.52,216.42,219.04,265.79,-0.79,3.38,2.14,-15.82,DN,DN,False,243.69,199.05,8.92,303.4,False,False,False,C,3.0
FER,67.85,0.0,30.89,68.81,67.07,67.88,63.41,-1.39,1.16,-0.04,7.0,DN,UP,False,72.47,61.29,6.81,74.79,False,False,True,C,3.0
MELI,1813.53,0.0,46.81,1821.41,1752.86,1759.92,2090.04,-0.43,3.46,3.05,-13.23,DN,UP,False,1903.0,1593.21,4.93,2113.9,False,False,True,C,3.0
ZS,142.2,0.0,68.6,136.83,140.43,143.31,232.99,3.92,1.26,-0.77,-38.97,UP,DN,False,229.0,114.62,61.04,179.9,False,False,False,C,3.0
HHH,61.74,0.0,32.66,63.5,63.78,65.41,76.27,-2.77,-3.21,-5.61,-19.05,DN,DN,False,68.25,61.01,10.54,85.56,False,False,False,C,2.0
IH,1.73,0.0,47.82,1.73,1.76,1.76,2.35,0.02,-1.58,-1.72,-26.41,DN,DN,False,2.05,1.55,18.5,2.24,False,False,False,C,2.0
IYH,60.97,0.0,37.63,60.93,61.72,62.49,61.81,0.07,-1.22,-2.44,-1.36,DN,DN,False,63.0,59.97,3.33,66.86,False,False,False,C,2.0
RLX,2.15,0.0,48.15,2.18,2.19,2.22,2.34,-1.38,-1.73,-3.15,-8.11,UP,DN,False,2.4,2.08,11.86,2.46,False,False,False,C,2.0
META,610.41,0.0,33.54,652.79,623.83,629.41,677.83,-6.49,-2.15,-3.02,-9.95,DN,DN,False,691.52,520.26,13.29,691.52,False,False,True,C,2.0
BRK-B,468.52,0.0,38.45,471.52,478.89,481.88,489.88,-0.64,-2.17,-2.77,-4.36,DN,DN,False,487.95,464.01,4.15,509.66,False,False,False,C,2.0
V,326.85,0.0,64.66,317.81,309.39,310.76,332.59,2.85,5.64,5.18,-1.73,UP,UP,False,325.77,293.89,-0.33,341.98,False,False,True,C,2.0
MA,504.74,0.0,45.41,507.05,504.16,506.34,548.02,-0.45,0.12,-0.32,-7.9,DN,DN,False,561.92,480.5,11.33,556.79,False,False,True,C,2.0
NRG,154.82,0.0,34.88,154.15,155.23,158.59,159.86,0.43,-0.26,-2.38,-3.15,DN,DN,False,175.52,139.89,13.37,189.96,False,False,False,C,2.0
RTX,172.9,0.0,14.57,176.64,193.55,195.59,178.84,-2.12,-10.67,-11.6,-3.32,DN,DN,False,205.36,171.63,18.77,214.5,False,False,False,C,2.0
LMT,518.15,0.0,11.24,525.5,599.99,612.15,524.45,-1.4,-13.64,-15.36,-1.2,DN,DN,False,637.92,437.25,23.11,692.0,False,False,False,C,2.0
NOC,567.0,0.0,7.37,580.36,668.65,682.3,620.74,-2.3,-15.2,-16.9,-8.66,DN,DN,False,774.0,543.66,36.51,774.0,False,False,False,C,2.0
GE,280.52,0.0,28.65,284.43,296.1,304.49,298.32,-1.37,-5.26,-7.87,-5.97,DN,DN,False,319.14,268.91,13.77,348.48,False,False,False,C,2.0
IR,75.56,0.0,25.18,81.33,82.59,84.56,82.71,-7.1,-8.51,-10.64,-8.64,DN,DN,False,89.1,76.01,17.92,100.96,False,False,False,C,2.0
ABBV,208.16,0.0,47.23,203.03,210.05,214.2,218.02,2.53,-0.9,-2.82,-4.52,UP,DN,False,237.11,204.27,13.91,237.11,False,False,True,C,2.0
ISRG,452.35,0.0,43.74,465.51,467.82,473.95,499.84,-2.83,-3.31,-4.56,-9.5,DN,DN,False,491.15,447.78,8.58,511.88,False,False,False,C,2.0
ABT,87.54,0.0,22.12,91.38,100.99,103.57,120.39,-4.2,-13.32,-15.47,-27.28,DN,DN,False,116.82,105.27,33.45,116.82,False,False,False,C,2.0
BSX,56.85,0.0,35.56,59.87,64.68,66.59,89.76,-5.04,-12.1,-14.62,-36.66,DN,DN,False,66.88,67.56,17.64,79.17,False,False,False,C,2.0
SYK,290.88,0.0,12.11,318.01,333.65,343.16,364.1,-8.53,-12.82,-15.24,-20.11,DN,DN,False,352.8,319.32,21.29,389.33,False,False,False,C,2.0
TMO,462.6,0.0,25.24,479.02,489.67,494.48,526.94,-3.43,-5.53,-6.45,-12.21,DN,DN,False,538.41,455.6,16.39,550.95,False,False,False,C,2.0
DHR,174.04,0.0,14.95,180.09,188.8,192.28,208.59,-3.36,-7.82,-9.48,-16.56,DN,DN,False,200.5,181.01,15.2,220.86,False,False,False,C,2.0
VRTX,429.85,0.0,37.14,430.02,446.12,452.58,436.03,-0.04,-3.65,-5.02,-1.42,DN,DN,False,507.92,425.26,18.16,507.92,False,False,False,C,2.0
PG,143.42,0.0,47.99,146.09,146.13,149.18,150.62,-1.82,-1.85,-3.86,-4.78,UP,DN,False,152.42,140.74,6.28,167.25,False,False,False,C,2.0
MDLZ,61.38,0.0,69.07,58.87,57.67,58.09,59.34,4.26,6.44,5.67,3.44,UP,UP,False,59.38,55.79,-3.26,62.8,False,True,False,C,2.0
ECL,255.59,0.0,29.82,264.79,268.25,274.7,272.91,-3.47,-4.72,-6.96,-6.35,DN,DN,False,279.0,252.66,9.16,309.27,False,False,False,C,2.0
SHW,310.49,0.0,33.55,327.34,324.72,330.33,341.9,-5.15,-4.38,-6.0,-9.19,DN,DN,False,350.59,301.58,12.92,377.77,False,False,False,C,2.0
AES,14.28,0.0,36.96,14.43,14.29,14.5,14.13,-1.05,-0.09,-1.55,1.04,DN,UP,False,14.52,13.99,1.68,17.65,False,False,False,C,2.0
ASTS,68.43,0.0,28.67,75.2,85.6,86.18,73.85,-9.0,-20.06,-20.59,-7.34,DN,DN,False,104.15,71.85,52.2,108.34,False,False,False,C,2.0
RDW,8.64,0.0,43.43,9.61,9.51,9.39,9.21,-10.09,-9.14,-7.99,-6.23,DN,UP,False,12.3,7.43,42.36,12.3,False,False,False,C,2.0
RIVN,14.51,0.0,38.92,16.32,15.82,15.69,15.31,-11.1,-8.25,-7.52,-5.22,DN,UP,False,18.07,14.24,24.53,18.48,False,False,False,C,2.0
F,11.5,0.0,23.58,12.29,12.04,12.31,12.54,-6.4,-4.45,-6.59,-8.29,DN,DN,False,13.04,11.11,13.39,14.8,False,False,False,C,2.0
WFC,79.18,0.0,39.04,80.79,79.96,80.68,84.44,-1.99,-0.97,-1.86,-6.23,DN,DN,False,86.7,74.03,9.5,95.09,False,False,False,C,2.0
SCHW,91.48,0.0,31.55,90.85,93.43,93.77,95.84,0.69,-2.08,-2.44,-4.55,DN,DN,False,100.76,87.84,10.14,107.5,False,False,False,C,2.0
ACM,84.03,0.0,46.31,82.54,86.2,88.1,107.98,1.8,-2.52,-4.62,-22.18,DN,DN,False,87.66,79.01,4.32,109.0,False,False,False,C,2.0
UAL,90.07,0.0,39.36,91.66,92.63,95.09,100.75,-1.74,-2.77,-5.28,-10.6,DN,DN,False,105.98,84.64,17.66,118.94,False,False,False,C,2.0
ALK,36.96,0.0,33.72,39.81,39.47,41.56,48.81,-7.17,-6.35,-11.07,-24.28,DN,DN,False,47.3,33.03,27.98,60.63,False,False,False,C,2.0
JBLU,4.79,0.0,34.12,5.02,4.72,4.84,4.86,-4.49,1.41,-0.97,-1.45,DN,UP,False,6.16,3.87,28.6,6.5,False,False,False,C,2.0
CCL,25.67,0.0,35.34,26.56,26.23,26.91,28.85,-3.35,-2.13,-4.62,-11.02,DN,DN,False,30.16,23.47,17.49,34.03,False,False,False,C,2.0
RCL,259.48,0.0,38.58,262.09,272.52,278.27,299.2,-1.0,-4.78,-6.75,-13.27,DN,DN,False,304.4,260.75,17.31,356.39,False,False,False,C,2.0
NCLH,17.2,0.0,26.08,18.32,19.41,20.06,22.07,-6.13,-11.4,-14.27,-22.07,DN,DN,False,22.22,17.56,29.19,25.1,False,False,False,C,2.0
BKNG,165.58,0.0,34.57,175.57,174.96,173.84,200.13,-5.69,-5.36,-4.75,-17.26,DN,DN,False,193.92,161.21,17.12,193.92,False,False,False,C,2.0
LVS,51.86,0.0,38.13,54.19,54.28,54.54,57.14,-4.29,-4.47,-4.91,-9.25,DN,DN,False,58.46,50.05,12.73,59.27,False,False,False,C,2.0
WYNN,103.44,0.0,43.54,105.81,103.32,103.82,115.46,-2.24,0.12,-0.37,-10.41,DN,UP,False,111.97,96.14,8.25,119.19,False,False,False,C,2.0
HD,312.42,0.0,28.75,330.87,334.47,341.96,370.51,-5.58,-6.59,-8.64,-15.68,DN,DN,False,353.55,315.31,13.16,397.63,False,False,False,C,2.0
LOW,223.72,0.0,29.31,239.96,239.71,244.27,249.37,-6.77,-6.67,-8.41,-10.28,DN,DN,False,257.1,224.15,14.92,293.06,False,False,False,C,2.0
ULTA,518.0,0.0,43.07,545.25,545.02,570.58,567.42,-5.0,-4.96,-9.22,-8.71,DN,DN,False,578.63,499.32,11.7,714.97,False,False,False,C,2.0
NKE,43.09,0.0,41.65,44.79,48.41,50.94,63.89,-3.81,-10.98,-15.41,-32.55,DN,DN,False,46.97,42.09,9.0,68.49,False,False,False,C,2.0
LULU,128.98,0.0,21.53,144.34,156.2,160.53,180.28,-10.64,-17.43,-19.65,-28.46,DN,DN,False,170.2,143.96,31.96,192.49,False,False,False,C,2.0
CMG,31.98,0.0,32.5,33.77,33.62,34.27,37.84,-5.31,-4.88,-6.68,-15.5,DN,DN,False,37.08,30.6,15.95,40.14,False,False,False,C,2.0
MCD,284.1,0.0,31.51,294.08,307.87,312.91,309.41,-3.39,-7.72,-9.21,-8.18,DN,DN,False,312.54,298.33,10.01,341.75,False,False,False,C,2.0
TEL,205.28,0.0,28.46,214.01,213.47,215.23,220.48,-4.08,-3.83,-4.62,-6.89,DN,DN,False,252.56,191.12,23.03,252.56,False,False,False,C,2.0
AGQ,109.22,0.0,35.34,115.59,121.93,130.68,116.55,-5.51,-10.43,-16.42,-6.29,DN,DN,False,143.85,93.77,31.71,194.61,False,False,False,C,2.0
NUGT,160.67,0.0,25.45,179.24,193.52,210.39,172.0,-10.36,-16.97,-23.63,-6.59,DN,DN,False,231.88,140.4,44.32,320.79,False,False,False,C,2.0
JNUG,172.95,0.0,25.75,192.79,208.1,229.11,185.64,-10.29,-16.89,-24.51,-6.83,DN,DN,False,255.24,149.75,47.58,363.55,False,False,False,C,2.0
EMR,135.46,0.0,34.78,140.12,136.55,138.7,137.69,-3.33,-0.8,-2.33,-1.62,DN,DN,False,148.49,122.64,9.62,165.15,False,False,False,C,2.0
DVN,51.26,0.0,76.85,49.08,48.13,47.25,38.67,4.45,6.51,8.49,32.56,UP,UP,True,52.71,41.92,2.83,52.71,False,False,False,C,2.0
MMM,141.56,0.0,29.73,145.13,147.48,150.39,157.87,-2.46,-4.01,-5.87,-10.33,DN,DN,False,158.14,139.34,11.71,177.41,False,False,False,C,2.0
AOS,58.86,0.0,20.91,63.26,65.14,67.22,69.73,-6.95,-9.64,-12.44,-15.59,DN,DN,False,67.89,63.28,15.34,81.87,False,False,False,C,2.0
ACN,180.12,0.0,35.09,181.48,192.61,195.29,239.97,-0.75,-6.48,-7.77,-24.94,DN,DN,False,291.09,187.0,61.61,243.6,False,False,False,C,2.0
A,112.18,0.0,35.65,115.66,115.0,116.13,129.57,-3.01,-2.45,-3.4,-13.42,DN,DN,False,124.89,109.9,11.33,131.43,False,False,False,C,2.0
ARE,41.14,0.0,37.13,43.83,46.23,47.62,61.05,-6.14,-11.02,-13.61,-32.61,DN,DN,False,49.18,41.44,19.54,57.32,False,False,False,C,2.0
ALLE,132.49,0.0,28.91,141.1,143.8,146.53,162.29,-6.1,-7.86,-9.58,-18.36,DN,DN,False,183.11,138.36,38.21,183.11,False,False,False,C,2.0
AMCR,36.91,0.0,27.72,38.76,40.0,41.49,42.74,-4.77,-7.73,-11.04,-13.64,DN,DN,False,42.5,37.95,15.14,50.94,False,False,False,C,2.0
AWK,126.85,0.0,34.8,130.98,134.69,134.78,135.11,-3.15,-5.82,-5.88,-6.11,DN,DN,False,139.63,121.28,10.07,141.21,False,False,False,C,2.0
AMGN,323.85,0.0,29.23,340.16,351.03,356.69,325.0,-4.8,-7.74,-9.21,-0.35,DN,DN,False,359.45,335.06,10.99,391.29,False,False,False,C,2.0
ADI,397.02,0.0,71.42,392.23,343.47,343.99,281.88,1.22,15.59,15.42,40.85,UP,UP,True,408.37,300.56,2.86,408.37,False,False,False,C,2.0
AON,314.92,0.0,42.43,321.29,323.11,324.94,344.78,-1.98,-2.54,-3.08,-8.66,DN,DN,False,337.98,307.81,7.32,345.0,False,False,False,C,2.0
ARES,119.98,0.0,60.12,116.33,109.35,110.48,150.26,3.13,9.72,8.59,-20.15,UP,UP,False,111.71,98.44,-6.89,140.99,False,False,True,C,2.0
AJG,207.03,0.0,28.77,214.21,215.07,216.85,257.78,-3.35,-3.74,-4.53,-19.69,DN,DN,False,226.0,203.21,9.16,245.21,False,False,False,C,2.0
ADSK,247.54,0.0,66.45,239.71,240.92,241.28,280.23,3.27,2.75,2.6,-11.67,DN,DN,False,250.91,214.1,1.36,264.75,False,False,False,C,2.0
AZO,3482.24,0.0,48.11,3580.05,3495.54,3542.85,3769.16,-2.73,-0.38,-1.71,-7.61,UP,DN,False,3882.47,3281.23,11.49,3887.03,False,False,True,C,2.0
AVB,182.44,0.0,68.12,178.02,170.47,171.99,181.48,2.48,7.02,6.07,0.53,UP,UP,False,181.37,160.1,-0.59,186.2,False,True,False,C,2.0
AVY,160.46,0.0,31.8,165.13,168.81,173.3,174.97,-2.83,-4.95,-7.41,-8.29,DN,DN,False,176.51,160.44,10.0,199.54,False,False,False,C,2.0
BAX,16.62,0.0,41.48,17.81,17.35,17.83,20.67,-6.69,-4.23,-6.79,-19.6,DN,DN,False,19.19,15.73,15.46,22.41,False,False,False,C,2.0
BDX,146.31,0.0,31.21,150.9,155.8,159.84,154.27,-3.04,-6.09,-8.47,-5.16,DN,DN,False,159.95,151.32,9.32,187.35,False,False,False,C,2.0
BBY,57.64,0.0,37.51,60.74,62.86,63.08,70.34,-5.1,-8.3,-8.63,-18.05,DN,DN,False,68.21,59.88,18.34,70.52,False,False,False,C,2.0
BR,153.85,0.0,41.64,157.26,164.58,168.67,214.57,-2.17,-6.52,-8.79,-28.3,DN,DN,False,197.38,150.1,28.29,197.38,False,False,False,C,2.0
BRO,57.64,0.0,22.83,63.66,66.11,67.19,80.97,-9.46,-12.81,-14.21,-28.81,DN,DN,False,69.25,63.29,20.14,74.12,False,False,False,C,2.0
BF-B,24.66,0.0,19.95,27.02,26.27,26.63,27.97,-8.72,-6.14,-7.4,-11.82,DN,DN,False,31.24,22.61,26.68,31.24,False,False,False,C,2.0
BLDR,73.75,0.0,27.09,85.05,85.29,88.43,113.01,-13.29,-13.53,-16.6,-34.74,DN,DN,False,94.97,76.5,28.77,129.75,False,False,False,C,2.0
COF,189.92,0.0,35.95,194.01,188.83,190.31,214.32,-2.11,0.57,-0.21,-11.38,DN,DN,False,210.84,174.98,11.02,226.5,False,False,False,C,2.0
CBRE,140.05,0.0,37.13,146.12,140.1,140.93,154.35,-4.16,-0.03,-0.62,-9.27,DN,UP,False,157.6,129.01,12.53,174.27,False,False,False,C,2.0
COR,303.66,0.0,33.75,308.95,323.26,331.85,328.29,-1.71,-6.06,-8.5,-7.5,DN,DN,False,327.99,308.48,8.01,376.92,False,False,False,C,2.0
CHTR,165.34,0.0,31.5,191.5,213.48,216.87,234.9,-13.66,-22.55,-23.76,-29.61,DN,DN,False,254.11,208.33,53.69,254.11,False,False,False,C,2.0
CINF,159.57,0.0,40.19,164.44,162.05,162.7,159.91,-2.96,-1.53,-1.92,-0.21,DN,DN,False,168.78,153.4,5.77,174.27,False,False,True,C,2.0
CTAS,166.89,0.0,29.99,173.79,178.43,182.83,194.12,-3.97,-6.47,-8.72,-14.03,DN,DN,False,180.7,165.6,8.27,209.08,False,False,False,C,2.0
CLX,86.48,0.0,19.41,95.09,103.29,107.18,112.99,-9.05,-16.28,-19.31,-23.46,DN,DN,False,108.89,100.16,25.91,128.9,False,False,False,C,2.0
CTSH,51.86,0.0,16.14,55.11,59.57,60.41,70.93,-5.9,-12.94,-14.16,-26.89,DN,DN,False,63.04,60.04,21.56,78.34,False,False,False,C,2.0
CMCSA,27.07,0.0,44.93,28.08,28.78,29.29,28.98,-3.61,-5.95,-7.58,-6.6,DN,DN,False,32.08,27.48,18.51,32.86,False,False,False,C,2.0
CAG,13.85,0.0,41.43,14.27,15.3,16.02,17.7,-2.92,-9.48,-13.57,-21.73,DN,DN,False,20.32,15.04,46.71,20.32,False,False,False,C,2.0
STZ,148.14,0.0,26.49,154.76,154.53,154.54,149.83,-4.27,-4.13,-4.14,-1.13,DN,UP,False,168.6,148.3,13.81,168.6,False,False,False,C,2.0
COO,61.52,0.0,15.37,63.91,69.31,71.92,74.11,-3.75,-11.23,-14.46,-16.99,DN,DN,False,72.63,78.79,18.06,84.62,False,False,False,C,2.0
CSGP,35.38,0.0,39.18,36.26,40.03,41.39,66.14,-2.41,-11.61,-14.51,-46.51,DN,DN,False,70.57,57.01,99.46,52.35,False,False,False,C,2.0
CTRA,35.86,0.0,76.89,34.31,33.57,33.0,27.31,4.52,6.81,8.68,31.3,UP,UP,True,36.88,29.34,2.84,36.88,False,False,False,C,2.0
CRH,110.8,0.0,38.52,115.78,109.64,111.06,115.21,-4.3,1.06,-0.23,-3.83,DN,UP,False,120.54,99.03,8.79,129.85,False,False,False,C,2.0
DRI,192.09,0.0,42.45,197.9,198.44,200.8,196.66,-2.94,-3.2,-4.34,-2.32,DN,DN,False,204.55,186.91,6.49,220.65,False,False,False,C,2.0
DECK,97.65,0.0,28.85,104.91,103.69,105.76,103.59,-6.92,-5.83,-7.67,-5.73,DN,DN,False,113.87,92.56,16.61,122.29,False,False,False,C,2.0
DXCM,60.04,0.0,42.3,60.95,63.84,65.59,69.37,-1.49,-5.95,-8.46,-13.45,DN,DN,False,74.49,60.57,24.07,74.49,False,False,False,C,2.0
DG,114.48,0.0,38.84,118.22,123.52,129.26,121.27,-3.16,-7.32,-11.43,-5.6,DN,DN,False,127.26,140.0,11.16,158.23,False,False,False,C,2.0
DLTR,94.05,0.0,38.74,98.96,105.23,108.8,111.2,-4.96,-10.62,-13.56,-15.43,DN,DN,False,111.47,116.02,18.52,138.91,False,False,False,C,2.0
DPZ,330.42,0.0,26.99,349.1,368.34,375.62,412.9,-5.35,-10.29,-12.03,-19.98,DN,DN,False,382.13,346.31,15.65,417.72,False,False,False,C,2.0
DHI,143.53,0.0,48.28,156.23,144.77,147.05,154.22,-8.13,-0.86,-2.4,-6.93,UP,DN,False,166.98,131.75,16.34,169.17,False,False,False,C,2.0
EA,201.82,0.0,37.53,202.54,202.1,201.84,193.33,-0.36,-0.14,-0.01,4.39,DN,UP,False,204.22,197.01,1.19,204.22,False,True,True,C,2.0
EPAM,110.6,0.0,23.05,118.11,130.04,131.65,165.61,-6.36,-14.95,-15.99,-33.22,DN,DN,False,222.53,125.57,101.2,193.83,False,False,False,C,2.0
EFX,172.24,0.0,34.22,175.34,181.71,186.04,216.19,-1.77,-5.21,-7.42,-20.33,DN,DN,False,200.09,166.07,16.17,211.12,False,False,False,C,2.0
ERIE,210.65,0.0,19.67,231.18,243.21,247.95,294.97,-8.88,-13.39,-15.04,-28.59,DN,DN,False,262.25,233.82,24.5,292.69,False,False,False,C,2.0
ESS,264.67,0.0,65.51,259.66,250.98,252.24,258.4,1.93,5.45,4.93,2.43,UP,UP,False,266.49,238.46,0.69,270.35,False,True,False,C,2.0
EXR,139.33,0.0,45.83,141.54,138.19,140.41,139.71,-1.56,0.82,-0.77,-0.27,DN,DN,False,147.25,127.65,5.68,155.19,False,False,True,C,2.0
FFIV,329.93,0.0,70.0,313.65,298.68,294.63,288.34,5.19,10.46,11.98,14.42,UP,UP,False,303.98,277.18,-7.87,332.49,False,True,False,C,2.0
IT,147.71,0.0,47.85,150.69,154.88,155.62,220.83,-1.98,-4.63,-5.08,-33.11,DN,DN,False,161.61,141.76,9.41,172.23,False,False,False,C,2.0
GEHC,61.0,0.0,20.26,66.37,70.56,72.63,76.37,-8.09,-13.55,-16.01,-20.13,DN,DN,False,75.95,68.44,24.51,87.12,False,False,False,C,2.0
GIS,34.43,0.0,47.23,34.91,36.73,38.31,45.48,-1.37,-6.25,-10.13,-24.3,DN,DN,False,37.93,34.04,10.17,49.59,False,False,False,C,2.0
GPC,103.52,0.0,38.13,107.63,106.51,108.63,127.02,-3.82,-2.81,-4.71,-18.5,DN,DN,False,116.77,96.08,12.8,151.57,False,False,False,C,2.0
HCA,427.18,0.0,20.11,445.62,484.79,494.73,457.67,-4.14,-11.88,-13.65,-6.66,DN,DN,False,512.14,422.19,19.89,556.52,False,False,False,C,2.0
DOC,16.29,0.0,39.18,16.28,16.79,16.92,17.42,0.09,-2.97,-3.75,-6.47,DN,DN,False,17.43,15.99,7.0,17.95,False,False,False,C,2.0
HSIC,72.02,0.0,27.08,76.04,75.31,76.44,72.6,-5.28,-4.37,-5.78,-0.8,DN,DN,False,81.1,71.24,12.61,89.29,False,False,False,C,2.0
HSY,182.01,0.0,24.27,187.46,203.5,208.94,193.24,-2.91,-10.56,-12.89,-5.81,DN,DN,False,239.48,188.79,31.58,239.48,False,False,False,C,2.0
HON,209.59,0.0,21.72,214.14,226.16,229.43,211.41,-2.12,-7.33,-8.65,-0.86,DN,DN,False,236.83,207.83,13.0,248.18,False,False,False,C,2.0
HRL,20.66,0.0,48.64,21.31,21.94,22.54,24.24,-3.05,-5.84,-8.32,-14.78,UP,DN,False,23.25,20.32,12.54,26.22,False,False,False,C,2.0
HBAN,16.16,0.0,42.29,16.6,16.03,16.21,16.79,-2.63,0.83,-0.29,-3.77,DN,DN,False,17.35,14.89,7.36,19.46,False,False,False,C,2.0
IBM,229.48,0.0,41.52,235.14,242.72,242.63,272.52,-2.41,-5.46,-5.42,-15.79,DN,DN,False,258.5,221.73,12.65,299.89,False,False,False,C,2.0
IDXX,563.12,0.0,42.18,566.25,575.18,588.05,641.44,-0.55,-2.1,-4.24,-12.21,DN,DN,False,605.82,548.51,7.58,666.14,False,False,False,C,2.0
ITW,251.65,0.0,29.47,264.96,265.53,270.07,261.23,-5.02,-5.23,-6.82,-3.67,DN,DN,False,274.78,254.41,9.19,303.16,False,False,False,C,2.0
PODD,171.39,0.0,28.27,181.75,206.75,214.38,281.48,-5.7,-17.1,-20.05,-39.11,DN,DN,False,275.1,290.16,60.51,275.1,False,False,False,C,2.0
ICE,156.44,0.0,36.77,157.21,159.58,160.12,164.61,-0.49,-1.97,-2.3,-4.96,DN,DN,False,168.2,152.38,7.52,173.86,False,False,True,C,2.0
IP,31.2,0.0,29.56,32.86,35.42,36.88,42.39,-5.05,-11.92,-15.4,-26.4,DN,DN,False,38.06,33.57,21.99,50.25,False,False,False,C,2.0
IQV,160.94,0.0,34.3,163.04,168.18,168.89,196.96,-1.29,-4.3,-4.71,-18.29,DN,DN,False,180.98,156.67,12.45,194.83,False,False,False,C,2.0
KVUE,17.15,0.0,44.04,17.4,17.45,17.7,17.92,-1.44,-1.73,-3.09,-4.3,DN,DN,False,19.18,16.64,11.84,19.18,False,False,False,C,2.0
KMB,95.65,0.0,44.63,97.37,98.03,100.05,110.95,-1.76,-2.43,-4.4,-13.79,DN,DN,False,111.82,92.42,16.91,111.82,False,False,False,C,2.0
LHX,308.62,0.0,12.39,322.9,347.68,350.39,310.26,-4.42,-11.24,-11.92,-0.53,DN,DN,False,364.27,337.02,18.03,379.23,False,False,False,C,2.0
LH,253.01,0.0,25.94,262.06,266.37,269.66,268.68,-3.45,-5.02,-6.17,-5.83,DN,DN,False,279.71,260.57,10.55,292.02,False,False,False,C,2.0
LDOS,148.81,0.0,34.38,148.11,158.35,161.83,178.95,0.47,-6.03,-8.04,-16.84,DN,DN,False,181.13,161.05,21.72,196.0,False,False,False,C,2.0
LEN,84.36,0.0,39.04,91.49,91.4,95.14,114.94,-7.79,-7.71,-11.33,-26.61,DN,DN,False,97.94,83.03,16.1,124.16,False,False,False,C,2.0
MRSH,167.87,0.0,43.46,171.22,173.13,175.15,187.55,-1.95,-3.04,-4.15,-10.49,DN,DN,False,183.45,165.06,9.28,189.11,False,False,False,C,2.0
MLM,603.29,0.0,36.74,613.28,601.32,613.74,621.61,-1.63,0.33,-1.7,-2.95,DN,DN,False,638.25,554.72,5.79,710.97,False,False,False,C,2.0
MKC,48.02,0.0,23.2,50.81,53.29,56.28,64.63,-5.48,-9.89,-14.67,-25.7,DN,DN,False,54.71,47.52,13.93,72.41,False,False,False,C,2.0
MCK,807.85,0.0,20.0,825.87,872.28,890.77,813.25,-2.18,-7.39,-9.31,-0.66,DN,DN,False,999.0,794.59,23.66,999.0,False,False,False,C,2.0
MDT,78.3,0.0,22.23,81.58,85.89,87.93,94.1,-4.02,-8.83,-10.95,-16.79,DN,DN,False,105.5,84.92,34.74,103.75,False,False,False,C,2.0
MTD,1260.54,0.0,36.02,1276.27,1264.97,1277.9,1335.98,-1.23,-0.35,-1.36,-5.65,DN,UP,False,1365.79,1162.77,8.35,1422.36,False,False,True,C,2.0
TAP,40.73,0.0,27.0,42.48,43.27,44.24,47.08,-4.11,-5.86,-7.94,-13.48,DN,DN,False,45.52,41.04,11.76,54.82,False,False,False,C,2.0
MOS,22.97,0.0,38.64,23.58,25.42,25.78,28.63,-2.6,-9.65,-10.9,-19.76,DN,DN,False,27.15,23.06,18.2,32.25,False,False,False,C,2.0
NFLX,91.02,0.0,18.7,92.35,95.93,94.93,103.98,-1.44,-5.11,-4.11,-12.46,DN,DN,False,108.95,90.69,19.7,108.95,False,False,True,C,2.0
NVR,5932.12,0.0,27.56,6425.18,6588.57,6736.02,7466.44,-7.67,-9.96,-11.93,-20.55,DN,DN,False,7294.5,6301.03,22.97,8200.0,False,False,False,C,2.0
OMC,76.27,0.0,48.78,76.77,76.83,78.29,76.69,-0.66,-0.73,-2.58,-0.55,DN,DN,False,80.06,73.56,4.97,87.17,False,False,True,C,2.0
OTIS,75.88,0.0,27.33,77.65,79.72,81.99,87.45,-2.28,-4.81,-7.45,-13.23,DN,DN,False,82.64,75.27,8.91,94.57,False,False,False,C,2.0
PNR,77.08,0.0,22.01,85.47,87.74,89.9,101.92,-9.81,-12.15,-14.26,-24.37,DN,DN,False,104.19,83.6,35.17,104.19,False,False,False,C,2.0
POOL,203.23,0.0,38.53,220.44,212.17,213.66,262.33,-7.81,-4.22,-4.88,-22.53,DN,DN,False,249.04,195.49,22.54,278.17,False,False,False,C,2.0
PPG,104.08,0.0,39.53,108.54,106.46,109.06,107.78,-4.11,-2.24,-4.57,-3.43,DN,DN,False,118.37,96.06,13.73,133.43,False,False,False,C,2.0
PEG,80.45,0.0,44.24,80.07,81.53,82.23,82.35,0.48,-1.33,-2.16,-2.3,DN,DN,False,84.47,78.01,5.0,87.63,False,False,True,C,2.0
PHM,115.15,0.0,39.17,124.5,121.07,123.73,125.49,-7.51,-4.89,-6.94,-8.24,DN,DN,False,133.14,113.26,15.62,144.5,False,False,False,C,2.0
RSG,206.55,0.0,41.5,207.93,215.91,218.21,220.76,-0.66,-4.34,-5.34,-6.44,DN,DN,False,233.42,204.26,13.01,233.42,False,False,False,C,2.0
RMD,209.43,0.0,27.53,216.2,225.87,231.92,255.5,-3.13,-7.28,-9.7,-18.03,DN,DN,False,234.91,218.39,12.17,277.67,False,False,False,C,2.0
RVTY,86.51,0.0,37.16,87.65,88.36,90.04,94.31,-1.3,-2.09,-3.92,-8.27,DN,DN,False,97.07,83.65,12.21,106.55,False,False,False,C,2.0
ROL,54.15,0.0,45.52,55.53,54.7,55.68,58.11,-2.49,-1.0,-2.75,-6.82,UP,DN,False,57.44,52.32,6.08,66.14,False,False,False,C,2.0
SPGI,424.75,0.0,49.5,435.55,428.99,430.43,489.44,-2.48,-0.99,-1.32,-13.22,DN,DN,False,456.7,403.37,7.52,461.51,False,False,True,C,2.0
SW,37.97,0.0,32.89,39.75,40.23,41.31,41.7,-4.47,-5.63,-8.09,-8.96,DN,DN,False,43.45,36.0,14.43,52.65,False,False,False,C,2.0
SOLV,67.44,0.0,42.88,68.08,66.74,67.93,73.83,-0.94,1.05,-0.72,-8.66,DN,DN,False,71.42,62.38,5.9,82.0,False,False,False,C,2.0
STE,212.25,0.0,35.34,218.64,220.5,225.52,243.05,-2.92,-3.74,-5.88,-12.67,DN,DN,False,227.87,209.98,7.36,255.66,False,False,False,C,2.0
SYY,72.49,0.0,43.7,74.66,77.44,79.67,79.06,-2.91,-6.39,-9.01,-8.31,DN,DN,False,77.03,68.19,6.26,91.85,False,False,False,C,2.0
TKO,186.0,0.0,31.09,185.46,193.38,197.62,194.56,0.29,-3.82,-5.88,-4.4,UP,DN,False,208.57,183.77,12.13,226.94,False,False,False,C,2.0
TSCO,32.31,0.0,5.02,36.07,43.56,45.19,52.97,-10.43,-25.82,-28.5,-39.0,DN,DN,False,56.28,49.92,74.19,56.19,False,False,False,C,2.0
TDG,1149.72,0.0,25.06,1162.67,1197.57,1219.04,1321.81,-1.11,-4.0,-5.69,-13.02,DN,DN,False,1303.06,1123.61,13.34,1350.03,False,False,False,C,2.0
UPS,96.31,0.0,39.1,105.78,101.03,103.25,97.41,-8.95,-4.67,-6.72,-1.13,DN,DN,False,122.41,94.06,27.1,122.41,False,False,False,C,2.0
UHS,166.07,0.0,34.21,172.62,181.78,187.56,200.53,-3.79,-8.64,-11.46,-17.18,DN,DN,False,243.86,173.79,46.84,243.86,False,False,False,C,2.0
VLTO,88.24,0.0,35.17,88.24,89.22,90.44,99.24,0.0,-1.1,-2.43,-11.08,DN,DN,False,92.75,84.99,5.12,98.08,False,False,False,C,2.0
VICI,28.09,0.0,46.87,28.51,28.12,28.51,30.05,-1.48,-0.1,-1.46,-6.52,DN,DN,False,30.49,26.55,8.53,30.49,False,False,True,C,2.0
WBD,26.96,0.0,38.55,27.04,27.32,27.55,22.81,-0.3,-1.32,-2.13,18.19,DN,DN,False,27.59,26.86,2.34,29.2,False,False,False,C,2.0
WAT,301.88,0.0,35.2,310.16,306.95,309.0,334.9,-2.67,-1.65,-2.31,-9.86,DN,DN,False,346.78,282.77,14.87,383.89,False,False,False,C,2.0
WY,23.53,0.0,36.9,24.58,24.18,24.28,24.52,-4.28,-2.7,-3.1,-4.03,DN,DN,False,25.8,22.41,9.65,27.75,False,False,False,C,2.0
WSM,175.69,0.0,28.78,188.0,185.92,189.02,193.49,-6.55,-5.5,-7.05,-9.2,DN,DN,False,208.74,174.51,18.81,222.0,False,False,False,C,2.0
WTW,260.02,0.0,27.51,281.08,287.59,290.23,316.46,-7.49,-9.59,-10.41,-17.84,DN,DN,False,300.98,273.59,15.75,334.01,False,False,False,C,2.0
XYL,114.84,0.0,23.44,118.98,121.62,122.9,136.62,-3.48,-5.58,-6.56,-15.94,DN,DN,False,130.18,116.05,13.36,142.97,False,False,False,C,2.0
ZBH,82.67,0.0,22.77,87.29,90.58,92.05,94.83,-5.29,-8.73,-10.19,-12.83,DN,DN,False,97.81,85.83,18.31,101.49,False,False,False,C,2.0
ZTS,112.68,0.0,30.57,115.88,117.69,119.53,132.02,-2.76,-4.26,-5.73,-14.65,DN,DN,False,123.32,113.29,9.44,132.49,False,False,False,C,2.0
ALNY,297.92,0.0,24.37,305.37,316.97,318.89,392.76,-2.44,-6.01,-6.57,-24.15,DN,DN,False,343.36,299.62,15.25,345.9,False,False,False,C,2.0
CCEP,92.29,0.0,38.23,95.56,95.92,97.97,93.19,-3.43,-3.78,-5.8,-0.97,DN,DN,False,110.9,89.72,20.16,110.9,False,False,False,C,2.0
INSM,140.01,0.0,33.93,138.0,146.2,146.81,155.48,1.46,-4.23,-4.63,-9.95,DN,DN,False,166.19,135.73,18.7,167.37,False,False,False,C,2.0
PDD,97.79,0.0,38.45,98.57,100.65,101.24,114.92,-0.79,-2.84,-3.41,-14.91,DN,DN,False,108.23,96.67,10.68,108.23,False,False,False,C,2.0
URI,925.21,0.0,73.44,927.92,796.28,806.83,867.2,-0.29,16.19,14.67,6.69,UP,UP,False,1001.12,701.59,8.2,1001.12,False,False,False,C,1.0
KDP,28.87,0.0,72.73,28.4,27.02,27.54,28.46,1.67,6.86,4.84,1.43,UP,UP,False,31.5,24.88,9.11,31.5,False,False,True,C,1.0
CVE,29.98,0.0,76.69,27.57,25.78,25.13,19.26,8.74,16.28,19.29,55.62,UP,UP,True,27.65,23.74,-7.77,30.15,False,True,False,C,0.0
HAL,41.98,0.0,74.43,40.6,38.08,37.5,29.26,3.41,10.25,11.95,43.45,UP,UP,True,41.18,35.51,-1.91,42.46,False,True,False,C,0.0
IYW,221.03,0.0,79.5,216.21,197.06,195.9,194.56,2.23,12.16,12.83,13.61,UP,UP,True,205.69,172.54,-6.94,222.1,False,True,False,C,0.0
OIH,443.51,0.0,80.18,435.24,406.85,403.46,314.24,1.9,9.01,9.93,41.14,UP,UP,True,423.85,392.84,-4.43,450.85,False,True,False,C,0.0
SMH,506.79,0.0,79.87,495.02,429.25,424.38,363.77,2.38,18.06,19.42,39.31,UP,UP,True,427.94,359.86,-15.56,513.13,False,True,False,C,0.0
UCO,50.47,0.0,71.83,45.24,41.17,38.42,25.97,11.57,22.59,31.35,94.32,UP,UP,True,44.25,35.22,-12.32,51.06,False,True,False,C,0.0
XLK,162.05,0.0,79.33,158.98,144.58,143.59,141.21,1.93,12.08,12.86,14.76,UP,UP,True,149.9,126.68,-7.5,163.24,False,True,False,C,0.0
GOOGL,383.25,0.0,82.19,355.87,319.42,316.88,282.13,7.69,19.98,20.95,35.84,UP,UP,True,312.47,272.11,-18.47,387.38,False,True,False,C,0.0
AMZN,272.05,0.0,80.49,261.36,229.84,226.04,227.62,4.09,18.37,20.36,19.52,UP,UP,True,220.47,199.14,-18.96,276.1,False,True,False,C,0.0
PWR,757.34,0.0,88.53,660.21,593.18,586.64,469.81,14.71,27.67,29.1,61.2,UP,UP,True,583.73,522.03,-22.92,763.11,False,True,False,C,0.0
NUE,225.81,0.0,89.59,218.92,184.72,182.92,161.14,3.15,22.24,23.45,40.14,UP,UP,True,196.9,155.14,-12.8,227.96,False,True,False,C,0.0
MTZ,425.39,0.0,74.88,387.53,342.54,332.62,240.48,9.77,24.19,27.89,76.89,UP,UP,True,233.14,226.09,-45.19,429.04,False,True,False,C,0.0
JBL,340.8,0.0,78.16,337.65,290.89,284.83,237.58,0.93,17.16,19.65,43.45,UP,UP,True,281.37,234.96,-17.44,349.62,False,True,False,C,0.0
FLEX,91.84,0.0,74.77,89.18,74.13,72.03,62.54,2.98,23.89,27.51,46.84,UP,UP,True,67.71,60.29,-26.27,93.53,False,True,False,C,0.0
DBC,31.33,0.0,76.1,30.32,29.08,28.38,24.19,3.32,7.75,10.39,29.5,UP,UP,True,25.69,27.84,-18.0,31.46,False,True,False,C,0.0
PDBC,18.68,0.0,75.51,18.07,17.35,16.92,14.41,3.36,7.69,10.39,29.68,UP,UP,True,15.27,16.59,-18.28,18.76,False,True,False,C,0.0
GSG,34.55,0.0,72.48,33.28,31.78,30.8,25.13,3.82,8.71,12.19,37.48,UP,UP,True,34.05,29.68,-1.45,34.74,False,True,False,C,0.0
COM,34.54,0.0,90.62,34.05,33.58,33.27,30.27,1.44,2.86,3.81,14.09,UP,UP,True,34.08,32.82,-1.33,34.58,False,True,False,C,0.0
FANG,213.69,0.0,81.74,200.28,191.86,188.45,158.37,6.69,11.38,13.39,34.93,UP,UP,True,204.91,170.55,-4.11,214.51,False,True,False,C,0.0
WMB,75.41,0.0,70.44,73.06,72.9,73.26,64.07,3.22,3.44,2.93,17.7,UP,UP,True,75.37,69.33,-0.05,76.87,False,True,False,C,0.0
TRGP,258.98,0.0,70.12,246.31,242.75,241.47,191.11,5.14,6.69,7.25,35.51,UP,UP,True,253.87,230.38,-1.97,260.49,False,True,False,C,0.0
ET,20.08,0.0,81.99,19.47,19.09,19.03,17.67,3.14,5.2,5.53,13.66,UP,UP,True,19.86,18.34,-1.1,20.28,False,True,False,C,0.0
GOOG,379.64,0.0,80.7,353.64,317.72,315.52,282.27,7.35,19.49,20.32,34.49,UP,UP,True,350.15,271.54,-7.77,384.16,False,True,False,C,0.0
MO,73.41,0.0,73.88,68.65,66.62,67.01,63.41,6.94,10.2,9.56,15.77,UP,UP,True,67.93,62.87,-7.46,74.56,False,True,False,C,0.0
ADM,76.27,0.0,72.0,72.19,70.91,70.3,63.35,5.65,7.56,8.5,20.4,UP,UP,True,74.19,66.06,-2.73,77.37,False,True,False,C,0.0
BKR,69.01,0.0,72.01,66.89,62.0,62.23,51.88,3.17,11.31,10.9,33.02,UP,UP,True,67.0,58.42,-2.91,70.41,False,True,False,C,0.0
CASY,852.63,0.0,82.91,803.54,735.2,723.79,599.81,6.11,15.97,17.8,42.15,UP,UP,True,573.76,627.49,-32.71,857.86,False,True,False,C,0.0
CBOE,338.91,0.0,70.58,307.43,294.74,295.14,262.06,10.24,14.99,14.83,29.32,UP,UP,True,305.68,272.15,-9.8,340.53,False,True,False,C,0.0
CNC,53.56,0.0,91.45,46.86,38.46,39.5,36.86,14.29,39.26,35.6,45.29,UP,UP,True,45.2,31.63,-15.61,54.62,False,True,False,C,0.0
CSCO,92.63,0.0,79.06,89.78,82.72,81.99,75.18,3.18,11.98,12.98,23.21,UP,UP,True,81.17,76.31,-12.37,93.1,False,True,False,C,0.0
FIX,1891.95,0.0,70.55,1773.53,1541.99,1515.34,1057.3,6.68,22.7,24.85,78.94,UP,UP,True,1500.0,1255.0,-20.72,1905.58,False,True,False,C,0.0
ELV,371.9,0.0,85.36,356.39,313.87,312.74,325.29,4.35,18.49,18.92,14.33,UP,UP,True,352.0,274.84,-5.35,376.85,False,True,False,C,0.0
BEN,29.7,0.0,75.91,28.47,25.55,25.82,24.7,4.33,16.23,15.04,20.27,UP,UP,True,28.32,22.58,-4.65,30.36,False,True,False,C,0.0
GNRC,257.07,0.0,78.45,233.28,210.52,213.5,182.24,10.2,22.11,20.41,41.06,UP,UP,True,241.09,183.83,-6.22,261.85,False,True,False,C,0.0
GDDY,88.28,0.0,72.36,86.51,83.96,84.88,118.92,2.05,5.15,4.01,-25.76,UP,DN,False,94.29,78.22,6.81,98.81,False,False,True,C,0.0
HUM,237.96,0.0,81.81,226.94,192.52,190.44,240.51,4.85,23.6,24.95,-1.06,UP,UP,False,285.61,163.11,20.02,246.82,False,False,False,C,0.0
IRM,128.22,0.0,72.91,118.85,109.66,109.58,98.29,7.88,16.92,17.01,30.45,UP,UP,True,115.24,96.91,-10.12,128.25,False,True,False,C,0.0
MCHP,95.3,0.0,80.97,88.69,72.77,72.73,68.06,7.45,30.96,31.03,40.02,UP,UP,True,83.35,59.31,-12.54,96.21,False,True,False,C,0.0
PFG,99.46,0.0,71.08,99.04,92.24,92.67,86.63,0.43,7.83,7.33,14.82,UP,UP,True,97.88,84.95,-1.59,101.9,False,True,False,C,0.0
SNDK,1255.86,0.0,72.87,1048.1,816.24,775.01,359.07,19.82,53.86,62.04,249.75,UP,UP,True,777.6,558.58,-38.08,1275.08,False,True,False,C,0.0
STX,738.54,0.0,85.96,627.1,486.53,466.73,308.88,17.77,51.8,58.24,139.1,UP,UP,True,439.73,351.42,-40.46,749.0,False,True,False,C,0.0
STLD,229.82,0.0,84.25,226.36,192.19,192.32,164.06,1.53,19.58,19.5,40.08,UP,UP,True,201.76,162.16,-12.21,230.94,False,True,False,C,0.0
WDC,442.36,0.0,82.48,409.29,333.0,320.2,192.91,8.08,32.84,38.15,129.31,UP,UP,True,319.62,249.06,-27.75,453.83,False,True,False,C,0.0
TEAM,93.16,0.0,78.45,74.45,70.58,71.72,133.96,25.14,31.99,29.89,-30.45,UP,UP,False,166.48,56.01,78.7,102.99,False,False,False,C,0.0
AMD,341.54,0.0,73.95,329.26,247.54,238.2,212.29,3.73,37.97,43.38,60.89,UP,UP,True,266.96,188.22,-21.84,362.79,False,False,False,C,-1.0
MU,576.45,0.0,77.43,509.84,434.38,428.63,279.33,13.06,32.71,34.49,106.37,UP,UP,True,471.34,311.49,-18.23,592.77,False,False,False,C,-1.0
ON,102.04,0.0,85.56,96.82,72.64,71.19,58.38,5.4,40.47,43.33,74.77,UP,UP,True,73.76,55.03,-27.71,105.0,False,False,False,C,-1.0
NXPI,290.76,0.0,84.23,257.15,213.98,215.76,220.74,13.07,35.88,34.76,31.72,UP,UP,True,256.36,184.68,-11.83,299.8,False,False,False,C,-1.0
BE,288.64,0.0,75.91,253.09,182.79,178.33,115.7,14.04,57.9,61.86,149.46,UP,UP,True,169.09,116.5,-41.42,302.99,False,False,False,C,-1.0
SANM,216.54,0.0,80.91,199.23,152.48,151.13,141.48,8.69,42.01,43.29,53.05,UP,UP,True,165.91,118.1,-23.38,230.56,False,False,False,C,-1.0
DELL,211.64,0.0,70.11,211.36,180.32,171.67,142.22,0.13,17.37,23.28,48.81,UP,UP,True,131.19,111.2,-38.01,221.5,False,False,False,C,-1.0
INTC,95.78,0.0,82.82,83.5,59.52,56.64,40.52,14.71,60.92,69.1,136.35,UP,UP,True,54.6,40.63,-42.99,100.45,False,False,False,C,-1.0
AUR,6.44,0.0,78.83,5.36,4.61,4.62,4.93,20.24,39.7,39.36,30.74,UP,UP,False,4.97,3.82,-22.83,6.6,False,True,False,C,-2.0
CDNS,349.51,0.0,74.87,331.65,299.03,298.77,321.81,5.38,16.88,16.98,8.61,UP,UP,False,311.7,263.38,-10.82,351.0,False,True,False,C,-2.0
CRWD,469.24,0.0,76.84,454.24,422.37,415.02,457.55,3.3,11.1,13.07,2.55,UP,UP,False,452.0,361.81,-3.67,471.81,False,True,False,C,-2.0
DDOG,146.69,0.0,85.15,133.64,124.53,122.32,138.1,9.77,17.8,19.92,6.22,UP,UP,False,133.6,100.79,-8.92,147.33,False,True,False,C,-2.0
FTNT,89.24,0.0,72.03,85.68,82.68,82.09,83.05,4.16,7.94,8.7,7.46,UP,UP,False,86.42,76.01,-3.16,89.76,False,True,False,C,-2.0
NDAQ,91.3,0.0,71.07,89.85,86.9,86.77,90.51,1.62,5.07,5.22,0.88,UP,UP,False,90.42,81.0,-0.96,93.05,False,True,False,C,-2.0
SWKS,68.85,0.0,78.94,64.11,57.68,57.81,66.29,7.4,19.37,19.1,3.86,UP,UP,False,57.6,51.93,-16.34,70.45,False,True,False,C,-2.0
UNH,370.75,0.0,94.52,361.12,306.79,302.87,315.76,2.67,20.85,22.41,17.41,UP,UP,False,295.31,255.97,-20.35,372.9,False,True,False,C,-2.0
QCOM,168.38,0.0,76.67,153.57,136.25,137.21,156.8,9.65,23.58,22.72,7.38,UP,UP,False,146.94,121.99,-12.73,186.89,False,False,False,C,-3.0
MSTR,183.8,0.0,72.65,170.63,145.24,142.93,228.2,7.72,26.55,28.59,-19.46,UP,UP,False,152.27,116.4,-17.15,186.0,False,True,False,C,-3.0
INVH,28.55,0.0,70.8,27.73,26.04,26.06,27.93,2.94,9.64,9.55,2.24,UP,UP,False,27.48,24.25,-3.75,29.41,False,False,False,C,-3.0
PANW,184.56,0.0,74.33,179.83,167.62,164.53,184.97,2.63,10.11,12.17,-0.22,UP,UP,False,172.03,143.5,-6.79,187.27,False,True,False,C,-3.0
TTWO,225.18,0.0,72.04,215.36,206.03,206.88,231.58,4.56,9.29,8.85,-2.76,UP,UP,False,221.08,187.63,-1.82,227.02,False,True,False,C,-3.0
APO,129.19,0.0,73.11,126.29,114.33,113.61,130.45,2.3,12.99,13.71,-0.97,UP,UP,False,114.7,102.7,-11.22,140.17,False,False,False,C,-4.0
